,weapon_type,weapon_type_description,firearm_make,firearm_model,firearm_barrel_length,firearm_caliber,total_number_of_shots,firearm_reloaded,number_of_cartridge_reloaded,handgun_worn_type,handgun_drawn_type,method_used_to_reload,sight_used,protective_cover_used,discharge_distance,object_struck_of_discharge,discharge_position,trr_report_id
0,TASER (PROBE DISCHARGE),,,,,,,,,,,,,,,,,96453
1,TASER (DRIVE STUN MODE),,,,,,,,,,,,,,,,,96465
2,TASER (PROBE DISCHARGE),,,,,,,,,,,,,,,,,96475
3,TASER (PROBE DISCHARGE),,,,,,,,,,,,,,,,,96483
4,TASER (PROBE DISCHARGE),,,,,,,,,,,,,,,,,96525
5,CHEMICAL WEAPON,,,,,,,,,,,,,,,,,96558
6,TASER (PROBE DISCHARGE),,,,,,,,,,,,,,,,,96565
7,TASER (DRIVE STUN MODE),,,,,,,,,,,,,,,,,96576
8,TASER (PROBE DISCHARGE),,,,,,,,,,,,,,,,,96576
9,TASER (PROBE DISCHARGE),,,,,,,,,,,,,,,,,96591
10,TASER (PROBE DISCHARGE),,,,,,,,,,,,,,,,,96596
11,TASER (PROBE DISCHARGE),,,,,,,,,,,,,,,,,96608
12,TASER (PROBE DISCHARGE),,,,,,,,,,,,,,,,,96618
13,TASER (PROBE DISCHARGE),,,,,,,,,,,,,,,,,96634
14,TASER (PROBE DISCHARGE),,,,,,,,,,,,,,,,,96644
15,TASER (PROBE DISCHARGE),,,,,,,,,,,,,,,,,96656
16,TASER (PROBE DISCHARGE),,,,,,,,,,,,,,,,,96673
17,TASER (PROBE DISCHARGE),,,,,,,,,,,,,,,,,96687
18,TASER (PROBE DISCHARGE),,,,,,,,,,,,,,,,,96692
19,TASER (PROBE DISCHARGE),,,,,,,,,,,,,,,,,96722
20,TASER (PROBE DISCHARGE),,,,,,,,,,,,,,,,,96727
21,TASER (PROBE DISCHARGE),,,,,,,,,,,,,,,,,96729
22,TASER (PROBE DISCHARGE),,,,,,,,,,,,,,,,,96740
23,CHEMICAL WEAPON,,,,,,,,,,,,,,,,,96759
24,TASER (PROBE DISCHARGE),,,,,,,,,,,,,,,,,96759
25,CHEMICAL WEAPON,,,,,,,,,,,,,,,,,96760
26,TASER (PROBE DISCHARGE),,,,,,,,,,,,,,,,,96772
27,TASER (PROBE DISCHARGE),,,,,,,,,,,,,,,,,96773
28,TASER (PROBE DISCHARGE),,,,,,,,,,,,,,,,,96785
29,TASER (PROBE DISCHARGE),,,,,,,,,,,,,,,,,96794
30,CHEMICAL WEAPON,,,,,,,,,,,,,,,,,96806
31,OTHER (SPECIFY),,,,,,,,,,,,,,,,,96806
32,TASER (PROBE DISCHARGE),,,,,,,,,,,,,,,,,96830
33,TASER (PROBE DISCHARGE),,,,,,,,,,,,,,,,,96846
34,SEMI-AUTO PISTOL,"GLOCK, INC.--AU--",,17,4, 9 MM,3.0,False,3.0,RIGHT SIDE (WAIST),STRONG SIDE DRAW,,False,NONE,10-15FT,PERSON,STANDING,96849
35,TASER (PROBE DISCHARGE),,,,,,,,,,,,,,,,,96857
36,TASER (PROBE DISCHARGE),,,,,,,,,,,,,,,,,96861
37,TASER (PROBE DISCHARGE),,,,,,,,,,,,,,,,,96881
38,TASER (PROBE DISCHARGE),,,,,,,,,,,,,,,,,96882
39,TASER (PROBE DISCHARGE),,,,,,,,,,,,,,,,,96889
40,TASER (PROBE DISCHARGE),,,,,,,,,,,,,,,,,96894
41,SEMI-AUTO PISTOL,"GLOCK, INC.--AU--",,21,4.6,45 CAL,5.0,False,0.0,RIGHT SIDE (WAIST),STRONG SIDE DRAW,DNA,True,WOODEN FENCE,05-10FT,PERSON,OTHER (SPECIFY),96895
42,SEMI-AUTO PISTOL,"GLOCK, INC.--AU--",,30,4,45 CAL,1.0,False,0.0,RIGHT SIDE (WAIST),STRONG SIDE DRAW,,False,DISTANCE,0-5FT,UNKNOWN,STANDING,96919
43,CHEMICAL WEAPON,,,,,,,,,,,,,,,,,96934
44,CHEMICAL WEAPON,,,,,,,,,,,,,,,,,96935
45,CHEMICAL WEAPON,,,,,,,,,,,,,,,,,96936
46,RIFLE,"SMITH & WESSON  -US- (BODYGUARD,CHIEF SPECIAL)",,M&P 4,16,223/5.56,4.0,False,,RIGHT SIDE (WAIST),OTHER (SPECIFY),,True,NOT COVERED,OVER 15FT,UNKNOWN,STANDING,96944
47,RIFLE,GWINN FIREARMS  --US--  (BUSHMASTER),,XM15,14.5,223/5.56,10.0,False,,RIGHT SIDE (WAIST),OTHER (SPECIFY),,True,NOT COVERED,OVER 15FT,UNKNOWN,STANDING,96948
48,TASER (PROBE DISCHARGE),,,,,,,,,,,,,,,,,96954
49,TASER (PROBE DISCHARGE),,,,,,,,,,,,,,,,,96955
50,TASER (PROBE DISCHARGE),,,,,,,,,,,,,,,,,96962
51,TASER (PROBE DISCHARGE),,,,,,,,,,,,,,,,,96977
52,TASER (PROBE DISCHARGE),,,,,,,,,,,,,,,,,96980
53,TASER (PROBE DISCHARGE),,,,,,,,,,,,,,,,,96981
54,TASER (PROBE DISCHARGE),,,,,,,,,,,,,,,,,96988
55,TASER (PROBE DISCHARGE),,,,,,,,,,,,,,,,,97005
56,CHEMICAL WEAPON,,,,,,,,,,,,,,,,,97023
57,OTHER (SPECIFY),,,,,,,,,,,,,,,,,97035
58,CHEMICAL WEAPON,,,,,,,,,,,,,,,,,97047
59,CHEMICAL WEAPON,,,,,,,,,,,,,,,,,97048
60,SEMI-AUTO PISTOL,"GLOCK, INC.--AU--",,19,4, 9 MM,1.0,False,0.0,RIGHT SIDE (WAIST),STRONG SIDE DRAW,,False,DUTY HOLSTER,10-15FT,OBJECT,STANDING,97082
61,TASER (PROBE DISCHARGE),,,,,,,,,,,,,,,,,97143
62,TASER (PROBE DISCHARGE),,,,,,,,,,,,,,,,,97155
63,TASER (PROBE DISCHARGE),,,,,,,,,,,,,,,,,97171
64,TASER (PROBE DISCHARGE),,,,,,,,,,,,,,,,,97172
65,TASER (PROBE DISCHARGE),,,,,,,,,,,,,,,,,97178
66,TASER (PROBE DISCHARGE),,,,,,,,,,,,,,,,,97187
67,TASER (PROBE DISCHARGE),,,,,,,,,,,,,,,,,97188
68,TASER (PROBE DISCHARGE),,,,,,,,,,,,,,,,,97193
69,TASER (PROBE DISCHARGE),,,,,,,,,,,,,,,,,97218
70,TASER (PROBE DISCHARGE),,,,,,,,,,,,,,,,,97228
71,TASER (DRIVE STUN MODE),,,,,,,,,,,,,,,,,97268
72,TASER (PROBE DISCHARGE),,,,,,,,,,,,,,,,,97279
73,TASER (PROBE DISCHARGE),,,,,,,,,,,,,,,,,97280
74,CHEMICAL WEAPON,,,,,,,,,,,,,,,,,97289
75,CHEMICAL WEAPON,,,,,,,,,,,,,,,,,97298
76,TASER (PROBE DISCHARGE),,,,,,,,,,,,,,,,,97300
77,TASER (PROBE DISCHARGE),,,,,,,,,,,,,,,,,97308
78,TASER (PROBE DISCHARGE),,,,,,,,,,,,,,,,,97309
79,TASER (PROBE DISCHARGE),,,,,,,,,,,,,,,,,97310
80,OTHER (SPECIFY),,,,,,,,,,,,,,,,,97311
81,TASER (PROBE DISCHARGE),,,,,,,,,,,,,,,,,97311
82,TASER (PROBE DISCHARGE),,,,,,,,,,,,,,,,,97329
83,TASER (PROBE DISCHARGE),,,,,,,,,,,,,,,,,97335
84,OTHER (SPECIFY),,,,,,,,,,,,,,,,,97338
85,TASER (PROBE DISCHARGE),,,,,,,,,,,,,,,,,97339
86,CHEMICAL WEAPON,,,,,,,,,,,,,,,,,97348
87,TASER (PROBE DISCHARGE),,,,,,,,,,,,,,,,,97355
88,TASER (PROBE DISCHARGE),,,,,,,,,,,,,,,,,97358
89,SEMI-AUTO PISTOL,"F.I. INDUSTRIES(FORMERLY) --US-- (BERETTA USA CORP,BRONCO)",,PX4 STORM,4, 9 MM,12.0,False,,RIGHT SIDE (WAIST),STRONG SIDE DRAW,,True,DEPARTMENT VEHICLE,OVER 15FT,BOTH,STANDING,97371
90,TASER (PROBE DISCHARGE),,,,,,,,,,,,,,,,,97372
91,TASER (PROBE DISCHARGE),,,,,,,,,,,,,,,,,97378
92,TASER (PROBE DISCHARGE),,,,,,,,,,,,,,,,,97390
93,TASER (PROBE DISCHARGE),,,,,,,,,,,,,,,,,97402
94,SEMI-AUTO PISTOL,"GLOCK, INC.--AU--",,17,4 INCH, 9 MM,1.0,False,,RIGHT SIDE (WAIST),OTHER (SPECIFY),,False,NONE,05-10FT,PERSON,STANDING,97444
95,TASER (PROBE DISCHARGE),,,,,,,,,,,,,,,,,97455
96,TASER (PROBE DISCHARGE),,,,,,,,,,,,,,,,,97512
97,TASER (DRIVE STUN MODE),,,,,,,,,,,,,,,,,97517
98,TASER (PROBE DISCHARGE),,,,,,,,,,,,,,,,,97517
99,TASER (PROBE DISCHARGE),,,,,,,,,,,,,,,,,97521
100,TASER (PROBE DISCHARGE),,,,,,,,,,,,,,,,,97568
101,TASER (PROBE DISCHARGE),,,,,,,,,,,,,,,,,97582
102,TASER (PROBE DISCHARGE),,,,,,,,,,,,,,,,,97590
103,TASER (PROBE DISCHARGE),,,,,,,,,,,,,,,,,97603
104,TASER (PROBE DISCHARGE),,,,,,,,,,,,,,,,,97632
105,TASER (PROBE DISCHARGE),,,,,,,,,,,,,,,,,97634
106,TASER (PROBE DISCHARGE),,,,,,,,,,,,,,,,,97640
107,TASER (PROBE DISCHARGE),,,,,,,,,,,,,,,,,97647
108,TASER (PROBE DISCHARGE),,,,,,,,,,,,,,,,,97660
109,TASER (PROBE DISCHARGE),,,,,,,,,,,,,,,,,97665
110,TASER (PROBE DISCHARGE),,,,,,,,,,,,,,,,,97667
111,TASER (PROBE DISCHARGE),,,,,,,,,,,,,,,,,97669
112,TASER (PROBE DISCHARGE),,,,,,,,,,,,,,,,,97673
113,TASER (PROBE DISCHARGE),,,,,,,,,,,,,,,,,97682
114,SEMI-AUTO PISTOL,"GLOCK, INC.--AU--",,21,4,45 CAL,2.0,False,0.0,RIGHT SIDE (WAIST),STRONG SIDE DRAW,0,True,NONE,05-10FT,PERSON,OTHER (SPECIFY),97693
115,TASER (PROBE DISCHARGE),,,,,,,,,,,,,,,,,97698
116,TASER (PROBE DISCHARGE),,,,,,,,,,,,,,,,,97716
117,TASER (PROBE DISCHARGE),,,,,,,,,,,,,,,,,97735
118,TASER (PROBE DISCHARGE),,,,,,,,,,,,,,,,,97744
119,TASER (PROBE DISCHARGE),,,,,,,,,,,,,,,,,97756
120,TASER (PROBE DISCHARGE),,,,,,,,,,,,,,,,,97773
121,TASER (PROBE DISCHARGE),,,,,,,,,,,,,,,,,97797
122,TASER (PROBE DISCHARGE),,,,,,,,,,,,,,,,,97820
123,TASER (PROBE DISCHARGE),,,,,,,,,,,,,,,,,97830
124,TASER (PROBE DISCHARGE),,,,,,,,,,,,,,,,,97831
125,TASER (PROBE DISCHARGE),,,,,,,,,,,,,,,,,97843
126,TASER (PROBE DISCHARGE),,,,,,,,,,,,,,,,,97867
127,CHEMICAL WEAPON,,,,,,,,,,,,,,,,,97873
128,TASER (PROBE DISCHARGE),,,,,,,,,,,,,,,,,97874
129,TASER (PROBE DISCHARGE),,,,,,,,,,,,,,,,,97891
130,TASER (PROBE DISCHARGE),,,,,,,,,,,,,,,,,97909
131,OTHER (SPECIFY),,,,,,0.0,False,0.0,RIGHT SIDE (WAIST),OTHER (SPECIFY),NONE,False,NONE,0-5FT,NONE,STANDING,97918
132,TASER (PROBE DISCHARGE),,,,,,,,,,,,,,,,,97929
133,TASER (PROBE DISCHARGE),,,,,,,,,,,,,,,,,97967
134,TASER (PROBE DISCHARGE),,,,,,,,,,,,,,,,,97976
135,TASER (PROBE DISCHARGE),,,,,,,,,,,,,,,,,97979
136,TASER (PROBE DISCHARGE),,,,,,,,,,,,,,,,,97988
137,TASER (PROBE DISCHARGE),,,,,,,,,,,,,,,,,97990
138,TASER (DRIVE STUN MODE),,,,,,,,,,,,,,,,,97995
139,TASER (PROBE DISCHARGE),,,,,,,,,,,,,,,,,97995
140,TASER (PROBE DISCHARGE),,,,,,,,,,,,,,,,,98020
141,TASER (PROBE DISCHARGE),,,,,,,,,,,,,,,,,98022
142,TASER (PROBE DISCHARGE),,,,,,,,,,,,,,,,,98026
143,TASER (PROBE DISCHARGE),,,,,,,,,,,,,,,,,98039
144,TASER (PROBE DISCHARGE),,,,,,,,,,,,,,,,,98042
145,TASER (DRIVE STUN MODE),,,,,,,,,,,,,,,,,98043
146,TASER (PROBE DISCHARGE),,,,,,,,,,,,,,,,,98045
147,TASER (PROBE DISCHARGE),,,,,,,,,,,,,,,,,98051
148,SEMI-AUTO PISTOL,"GLOCK, INC.--AU--",,19,4INCH, 9 MM,1.0,False,,RIGHT SIDE (WAIST),STRONG SIDE DRAW,,True,NONE,OVER 15FT,OBJECT,STANDING,98052
149,TASER (PROBE DISCHARGE),,,,,,,,,,,,,,,,,98061
150,TASER (PROBE DISCHARGE),,,,,,,,,,,,,,,,,98062
151,TASER (PROBE DISCHARGE),,,,,,,,,,,,,,,,,98074
152,TASER (PROBE DISCHARGE),,,,,,,,,,,,,,,,,98109
153,CHEMICAL WEAPON,,,,,,,,,,,,,,,,,98110
154,SEMI-AUTO PISTOL,"GLOCK, INC.--AU--",,17,4.49, 9 MM,1.0,False,0.0,RIGHT SIDE (WAIST),STRONG SIDE DRAW,,False,NONE,05-10FT,PERSON,STANDING,98111
155,TASER (PROBE DISCHARGE),,,,,,,,,,,,,,,,,98117
156,TASER (PROBE DISCHARGE),,,,,,,,,,,,,,,,,98136
157,TASER (PROBE DISCHARGE),,,,,,,,,,,,,,,,,98157
158,TASER (PROBE DISCHARGE),,,,,,,,,,,,,,,,,98169
159,TASER (PROBE DISCHARGE),,,,,,,,,,,,,,,,,98205
160,SEMI-AUTO PISTOL,"GLOCK, INC.--AU--",,22,4, 9 MM,2.0,False,,RIGHT SIDE (WAIST),STRONG SIDE DRAW,,False,NONE,05-10FT,PERSON,STANDING,98208
161,TASER (PROBE DISCHARGE),,,,,,,,,,,,,,,,,98217
162,TASER (PROBE DISCHARGE),,,,,,,,,,,,,,,,,98243
163,TASER (PROBE DISCHARGE),,,,,,,,,,,,,,,,,98245
164,TASER (PROBE DISCHARGE),,,,,,,,,,,,,,,,,98256
165,TASER (PROBE DISCHARGE),,,,,,,,,,,,,,,,,98267
166,TASER (PROBE DISCHARGE),,,,,,,,,,,,,,,,,98268
167,TASER (PROBE DISCHARGE),,,,,,,,,,,,,,,,,98272
168,TASER (PROBE DISCHARGE),,,,,,,,,,,,,,,,,98273
169,SEMI-AUTO PISTOL,SIG/S. I. G./SWISS INDUSTRIAL GESELLSCHAFT   --SZ--,,P226,4.4, 9 MM,9.0,False,,RIGHT SIDE (WAIST),STRONG SIDE DRAW,,False,NONE,05-10FT,PERSON,STANDING,98278
170,SEMI-AUTO PISTOL,SIG/S. I. G./SWISS INDUSTRIAL GESELLSCHAFT   --SZ--,,P226,4, 9 MM,3.0,False,,RIGHT SIDE (WAIST),STRONG SIDE DRAW,,False,NONE,10-15FT,PERSON,STANDING,98279
171,SEMI-AUTO PISTOL,"GLOCK, INC.--AU--",,22,4.48,40 S&W,9.0,False,,RIGHT SIDE (WAIST),STRONG SIDE DRAW,,False,NONE,05-10FT,PERSON,STANDING,98280
172,TASER (PROBE DISCHARGE),,,,,,,,,,,,,,,,,98288
173,TASER (PROBE DISCHARGE),,,,,,,,,,,,,,,,,98295
174,SEMI-AUTO PISTOL,"GLOCK, INC.--AU--",,27,3.5,40 S&W,4.0,False,0.0,RIGHT SIDE (WAIST),STRONG SIDE DRAW,,False,NONE,0-5FT,PERSON,STANDING,98310
175,TASER (PROBE DISCHARGE),,,,,,,,,,,,,,,,,98316
176,TASER (PROBE DISCHARGE),,,,,,,,,,,,,,,,,98320
177,TASER (PROBE DISCHARGE),,,,,,,,,,,,,,,,,98325
178,TASER (PROBE DISCHARGE),,,,,,,,,,,,,,,,,98328
179,TASER (PROBE DISCHARGE),,,,,,,,,,,,,,,,,98350
180,OTHER (SPECIFY),,,,,,,,,,,,,,,,,98358
181,TASER (PROBE DISCHARGE),,,,,,,,,,,,,,,,,98359
182,TASER (PROBE DISCHARGE),,,,,,,,,,,,,,,,,98363
183,SEMI-AUTO PISTOL,SIG/S. I. G./SWISS INDUSTRIAL GESELLSCHAFT   --SZ--,,P226,4.4, 9 MM,2.0,False,0.0,RIGHT SIDE (WAIST),STRONG SIDE DRAW,NONE,False,NONE,05-10FT,PERSON,STANDING,98365
184,SEMI-AUTO PISTOL,"GLOCK, INC.--AU--",,19,4, 9 MM,9.0,True,15.0,RIGHT SIDE (WAIST),STRONG SIDE DRAW,TACTICAL RELOAD/MAGAZINE,False,NONE,0-5FT,OBJECT,STANDING,98373
185,SEMI-AUTO PISTOL,"GLOCK, INC.--AU--",,17,4.5, 9 MM,1.0,False,0.0,RIGHT SIDE (WAIST),STRONG SIDE DRAW,NONE,True,NONE,OVER 15FT,UNKNOWN,STANDING,98374
186,SEMI-AUTO PISTOL,"GLOCK, INC.--AU--",,17,4.5, 9 MM,5.0,False,,LEFT SIDE (WAIST),STRONG SIDE DRAW,,False,NONE,05-10FT,PERSON,STANDING,98376
187,CHEMICAL WEAPON,,,,,,,,,,,,,,,,,98418
188,TASER (PROBE DISCHARGE),,,,,,,,,,,,,,,,,98466
189,TASER (PROBE DISCHARGE),,,,,,,,,,,,,,,,,98496
190,TASER (PROBE DISCHARGE),,,,,,,,,,,,,,,,,98499
191,TASER (DRIVE STUN MODE),,,,,,,,,,,,,,,,,98502
192,TASER (PROBE DISCHARGE),,,,,,,,,,,,,,,,,98518
193,TASER (PROBE DISCHARGE),,,,,,,,,,,,,,,,,98524
194,TASER (PROBE DISCHARGE),,,,,,,,,,,,,,,,,98544
195,TASER (PROBE DISCHARGE),,,,,,,,,,,,,,,,,98547
196,TASER (PROBE DISCHARGE),,,,,,,,,,,,,,,,,98562
197,TASER (PROBE DISCHARGE),,,,,,,,,,,,,,,,,98566
198,TASER (PROBE DISCHARGE),,,,,,,,,,,,,,,,,98573
199,CHEMICAL WEAPON,,,,,,,,,,,,,,,,,98575
200,CHEMICAL WEAPON,,,,,,,,,,,,,,,,,98576
201,TASER (DRIVE STUN MODE),,,,,,,,,,,,,,,,,98584
202,TASER (PROBE DISCHARGE),,,,,,,,,,,,,,,,,98593
203,TASER (PROBE DISCHARGE),,,,,,,,,,,,,,,,,98595
204,TASER (PROBE DISCHARGE),,,,,,,,,,,,,,,,,98602
205,OTHER (SPECIFY),,,,,,,,,,,,,,,,,98603
206,TASER (PROBE DISCHARGE),,,,,,,,,,,,,,,,,98622
207,TASER (PROBE DISCHARGE),,,,,,,,,,,,,,,,,98623
208,TASER (PROBE DISCHARGE),,,,,,,,,,,,,,,,,98626
209,TASER (PROBE DISCHARGE),,,,,,,,,,,,,,,,,98658
210,TASER (PROBE DISCHARGE),,,,,,,,,,,,,,,,,98662
211,TASER (PROBE DISCHARGE),,,,,,,,,,,,,,,,,98664
212,TASER (PROBE DISCHARGE),,,,,,,,,,,,,,,,,98665
213,TASER (PROBE DISCHARGE),,,,,,,,,,,,,,,,,98668
214,SEMI-AUTO PISTOL,"GLOCK, INC.--AU--",,19,4, 9 MM,2.0,False,,RIGHT SIDE (WAIST),STRONG SIDE DRAW,,True,VEHICLE,OVER 15FT,NONE,SITTING,98671
215,SEMI-AUTO PISTOL,"GLOCK, INC.--AU--",,23,4,40 S&W,13.0,True,14.0,RIGHT SIDE (WAIST),STRONG SIDE DRAW,EMERGENCY RELOAD,True,SQUAD CAR,OVER 15FT,OBJECT,SITTING,98675
216,TASER (PROBE DISCHARGE),,,,,,,,,,,,,,,,,98701
217,TASER (PROBE DISCHARGE),,,,,,,,,,,,,,,,,98709
218,TASER (PROBE DISCHARGE),,,,,,,,,,,,,,,,,98717
219,CHEMICAL WEAPON,,,,,,,,,,,,,,,,,98731
220,TASER (PROBE DISCHARGE),,,,,,,,,,,,,,,,,98738
221,TASER (PROBE DISCHARGE),,,,,,,,,,,,,,,,,98750
222,TASER (DRIVE STUN MODE),,,,,,,,,,,,,,,,,98754
223,TASER (PROBE DISCHARGE),,,,,,,,,,,,,,,,,98756
224,TASER (PROBE DISCHARGE),,,,,,,,,,,,,,,,,98759
225,TASER (PROBE DISCHARGE),,,,,,,,,,,,,,,,,98768
226,SEMI-AUTO PISTOL,"GLOCK, INC.--AU--",,21,4.75,45 CAL,1.0,False,0.0,RIGHT SIDE (WAIST),STRONG SIDE DRAW,,False,GARBAGE CAN,OVER 15FT,UNKNOWN,OTHER (SPECIFY),98774
227,TASER (PROBE DISCHARGE),,,,,,,,,,,,,,,,,98780
228,TASER (PROBE DISCHARGE),,,,,,,,,,,,,,,,,98790
229,TASER (PROBE DISCHARGE),,,,,,,,,,,,,,,,,98794
230,TASER (PROBE DISCHARGE),,,,,,,,,,,,,,,,,98812
231,TASER (PROBE DISCHARGE),,,,,,,,,,,,,,,,,98839
232,TASER (PROBE DISCHARGE),,,,,,,,,,,,,,,,,98849
233,SEMI-AUTO PISTOL,SIG/S. I. G./SWISS INDUSTRIAL GESELLSCHAFT   --SZ--,,P229,4 IN, 9 MM,1.0,False,,RIGHT SIDE (WAIST),STRONG SIDE DRAW,,False,NONE,10-15FT,OBJECT,STANDING,98860
234,TASER (PROBE DISCHARGE),,,,,,,,,,,,,,,,,98881
235,TASER (PROBE DISCHARGE),,,,,,,,,,,,,,,,,98892
236,TASER (PROBE DISCHARGE),,,,,,,,,,,,,,,,,98896
237,TASER (PROBE DISCHARGE),,,,,,,,,,,,,,,,,98903
238,TASER (PROBE DISCHARGE),,,,,,,,,,,,,,,,,98912
239,TASER (PROBE DISCHARGE),,,,,,,,,,,,,,,,,98919
240,TASER (PROBE DISCHARGE),,,,,,,,,,,,,,,,,98997
241,TASER (PROBE DISCHARGE),,,,,,,,,,,,,,,,,99020
242,TASER (PROBE DISCHARGE),,,,,,,,,,,,,,,,,99024
243,TASER (PROBE DISCHARGE),,,,,,,,,,,,,,,,,99028
244,TASER (PROBE DISCHARGE),,,,,,,,,,,,,,,,,99050
245,TASER (PROBE DISCHARGE),,,,,,,,,,,,,,,,,99067
246,SEMI-AUTO PISTOL,"GLOCK, INC.--AU--",,30,4, 45 ACP,4.0,False,,RIGHT SIDE (WAIST),STRONG SIDE DRAW,,True,VEHICLE,10-15FT,UNKNOWN,SITTING,99075
247,SEMI-AUTO PISTOL,"GLOCK, INC.--AU--",,19,4, 9 MM,6.0,False,,RIGHT SIDE (WAIST),STRONG SIDE DRAW,,True,VEHICLE,10-15FT,UNKNOWN,SITTING,99078
248,TASER (PROBE DISCHARGE),,,,,,,,,,,,,,,,,99082
249,TASER (PROBE DISCHARGE),,,,,,,,,,,,,,,,,99103
250,TASER (PROBE DISCHARGE),,,,,,,,,,,,,,,,,99107
251,TASER (PROBE DISCHARGE),,,,,,,,,,,,,,,,,99110
252,TASER (PROBE DISCHARGE),,,,,,,,,,,,,,,,,99111
253,TASER (PROBE DISCHARGE),,,,,,,,,,,,,,,,,99116
254,TASER (PROBE DISCHARGE),,,,,,,,,,,,,,,,,99117
255,TASER (PROBE DISCHARGE),,,,,,,,,,,,,,,,,99118
256,TASER (PROBE DISCHARGE),,,,,,,,,,,,,,,,,99119
257,TASER (PROBE DISCHARGE),,,,,,,,,,,,,,,,,99129
258,TASER (PROBE DISCHARGE),,,,,,,,,,,,,,,,,99133
259,TASER (PROBE DISCHARGE),,,,,,,,,,,,,,,,,99151
260,TASER (PROBE DISCHARGE),,,,,,,,,,,,,,,,,99153
261,TASER (PROBE DISCHARGE),,,,,,,,,,,,,,,,,99167
262,TASER (PROBE DISCHARGE),,,,,,,,,,,,,,,,,99198
263,TASER (PROBE DISCHARGE),,,,,,,,,,,,,,,,,99206
264,TASER (PROBE DISCHARGE),,,,,,,,,,,,,,,,,99232
265,TASER (PROBE DISCHARGE),,,,,,,,,,,,,,,,,99262
266,TASER (PROBE DISCHARGE),,,,,,,,,,,,,,,,,99300
267,TASER (PROBE DISCHARGE),,,,,,,,,,,,,,,,,99302
268,TASER (PROBE DISCHARGE),,,,,,,,,,,,,,,,,99322
269,TASER (PROBE DISCHARGE),,,,,,,,,,,,,,,,,99325
270,TASER (PROBE DISCHARGE),,,,,,,,,,,,,,,,,99346
271,TASER (PROBE DISCHARGE),,,,,,,,,,,,,,,,,99348
272,TASER (DRIVE STUN MODE),,,,,,,,,,,,,,,,,99360
273,TASER (PROBE DISCHARGE),,,,,,,,,,,,,,,,,99364
274,TASER (PROBE DISCHARGE),,,,,,,,,,,,,,,,,99396
275,TASER (PROBE DISCHARGE),,,,,,,,,,,,,,,,,99399
276,TASER (PROBE DISCHARGE),,,,,,,,,,,,,,,,,99418
277,TASER (PROBE DISCHARGE),,,,,,,,,,,,,,,,,99432
278,CHEMICAL WEAPON,,,,,,,,,,,,,,,,,99445
279,TASER (PROBE DISCHARGE),,,,,,,,,,,,,,,,,99445
280,TASER (DRIVE STUN MODE),,,,,,,,,,,,,,,,,99459
281,TASER (PROBE DISCHARGE),,,,,,,,,,,,,,,,,99472
282,TASER (PROBE DISCHARGE),,,,,,,,,,,,,,,,,99535
283,TASER (PROBE DISCHARGE),,,,,,,,,,,,,,,,,99550
284,TASER (PROBE DISCHARGE),,,,,,,,,,,,,,,,,99554
285,CHEMICAL WEAPON,,,,,,,,,,,,,,,,,99584
286,SEMI-AUTO PISTOL,"GLOCK, INC.--AU--",,17,4.5, 9 MM,10.0,False,,RIGHT SIDE (WAIST),STRONG SIDE DRAW,,True,CEMENT WALL,05-10FT,UNKNOWN,STANDING,99611
287,SEMI-AUTO PISTOL,"GLOCK, INC.--AU--",,17,4.48, 9 MM,4.0,False,0.0,RIGHT SIDE (WAIST),STRONG SIDE DRAW,NONE,False,NONE,0-5FT,PERSON,STANDING,99612
288,TASER (PROBE DISCHARGE),,,,,,,,,,,,,,,,,99614
289,TASER (PROBE DISCHARGE),,,,,,,,,,,,,,,,,99624
290,TASER (PROBE DISCHARGE),,,,,,,,,,,,,,,,,99625
291,CHEMICAL WEAPON,,,,,,,,,,,,,,,,,99665
292,SEMI-AUTO PISTOL,SIG/S. I. G./SWISS INDUSTRIAL GESELLSCHAFT   --SZ--,,P229,4, 9 MM,5.0,False,,LEFT SIDE (WAIST),STRONG SIDE DRAW,,True,NONE AVAILABLE,OVER 15FT,UNKNOWN,STANDING,99667
293,TASER (PROBE DISCHARGE),,,,,,,,,,,,,,,,,99680
294,TASER (PROBE DISCHARGE),,,,,,,,,,,,,,,,,99681
295,TASER (PROBE DISCHARGE),,,,,,,,,,,,,,,,,99682
296,SEMI-AUTO PISTOL,"STURM, RUGER & CO. (BEARCAT,BLACKHAWK,SPEED SIX)",,LCP,2.75,380 ACP,1.0,False,0.0,OTHER (SPECIFY),STRONG SIDE DRAW,,False,NONE,0-5FT,UNKNOWN,STANDING,99707
297,SEMI-AUTO PISTOL,"GLOCK, INC.--AU--",,17,4, 9 MM,6.0,False,0.0,RIGHT SIDE (WAIST),STRONG SIDE DRAW,0,False,NONE,05-10FT,PERSON,STANDING,99718
298,TASER (PROBE DISCHARGE),,,,,,,,,,,,,,,,,99729
299,TASER (PROBE DISCHARGE),,,,,,,,,,,,,,,,,99730
300,TASER (PROBE DISCHARGE),,,,,,,,,,,,,,,,,99780
301,TASER (DRIVE STUN MODE),,,,,,,,,,,,,,,,,99804
302,TASER (PROBE DISCHARGE),,,,,,,,,,,,,,,,,99810
303,TASER (PROBE DISCHARGE),,,,,,,,,,,,,,,,,99837
304,TASER (PROBE DISCHARGE),,,,,,,,,,,,,,,,,99838
305,TASER (PROBE DISCHARGE),,,,,,,,,,,,,,,,,99862
306,CHEMICAL WEAPON,,,,,,,,,,,,,,,,,99921
307,TASER (PROBE DISCHARGE),,,,,,,,,,,,,,,,,99921
308,TASER (PROBE DISCHARGE),,,,,,,,,,,,,,,,,102678
309,SEMI-AUTO PISTOL,"GLOCK, INC.--AU--",,17,4, 9 MM,7.0,False,,RIGHT SIDE (WAIST),STRONG SIDE DRAW,,True,BUILDING,10-15FT,BOTH,STANDING,99930
310,SEMI-AUTO PISTOL,"GLOCK, INC.--AU--",,26,3, 9 MM,11.0,False,0.0,RIGHT SIDE (WAIST),STRONG SIDE DRAW,,True,CAR,10-15FT,PERSON,STANDING,99933
311,TASER (DRIVE STUN MODE),,,,,,,,,,,,,,,,,99947
312,TASER (PROBE DISCHARGE),,,,,,,,,,,,,,,,,99950
313,TASER (PROBE DISCHARGE),,,,,,,,,,,,,,,,,99953
314,TASER (PROBE DISCHARGE),,,,,,,,,,,,,,,,,99972
315,TASER (PROBE DISCHARGE),,,,,,,,,,,,,,,,,100001
316,TASER (PROBE DISCHARGE),,,,,,,,,,,,,,,,,100003
317,TASER (PROBE DISCHARGE),,,,,,,,,,,,,,,,,100044
318,TASER (PROBE DISCHARGE),,,,,,,,,,,,,,,,,100053
319,TASER (PROBE DISCHARGE),,,,,,,,,,,,,,,,,100068
320,TASER (PROBE DISCHARGE),,,,,,,,,,,,,,,,,100074
321,TASER (PROBE DISCHARGE),,,,,,,,,,,,,,,,,100084
322,TASER (PROBE DISCHARGE),,,,,,,,,,,,,,,,,100096
323,TASER (PROBE DISCHARGE),,,,,,,,,,,,,,,,,100100
324,TASER (PROBE DISCHARGE),,,,,,,,,,,,,,,,,100101
325,TASER (DRIVE STUN MODE),,,,,,,,,,,,,,,,,100109
326,TASER (PROBE DISCHARGE),,,,,,,,,,,,,,,,,100112
327,TASER (PROBE DISCHARGE),,,,,,,,,,,,,,,,,100113
328,TASER (PROBE DISCHARGE),,,,,,,,,,,,,,,,,100121
329,TASER (PROBE DISCHARGE),,,,,,,,,,,,,,,,,100138
330,TASER (PROBE DISCHARGE),,,,,,,,,,,,,,,,,100152
331,SEMI-AUTO PISTOL,"GLOCK, INC.--AU--",,17,4.48, 9 MM,10.0,True,0.0,RIGHT SIDE (WAIST),STRONG SIDE DRAW,SPEED RELOAD,True,POLICE VEHICLE,05-10FT,PERSON,STANDING,100157
332,SEMI-AUTO PISTOL,"GLOCK, INC.--AU--",,19,4.49, 9 MM,2.0,False,,RIGHT SIDE (WAIST),STRONG SIDE DRAW,,True,VEHICLE DOOR,05-10FT,PERSON,STANDING,100158
333,TASER (PROBE DISCHARGE),,,,,,,,,,,,,,,,,100166
334,TASER (PROBE DISCHARGE),,,,,,,,,,,,,,,,,100189
335,TASER (PROBE DISCHARGE),,,,,,,,,,,,,,,,,100201
336,TASER (PROBE DISCHARGE),,,,,,,,,,,,,,,,,100221
337,SEMI-AUTO PISTOL,"GLOCK, INC.--AU--",,21,4.6,45 CAL,2.0,False,,RIGHT SIDE (WAIST),STRONG SIDE DRAW,,True,BUSHES,10-15FT,PERSON,STANDING,100234
338,TASER (PROBE DISCHARGE),,,,,,,,,,,,,,,,,100235
339,TASER (PROBE DISCHARGE),,,,,,,,,,,,,,,,,100236
340,TASER (PROBE DISCHARGE),,,,,,,,,,,,,,,,,100239
341,SEMI-AUTO PISTOL,"GLOCK, INC.--AU--",,17,4.49, 9 MM,4.0,False,0.0,RIGHT SIDE (WAIST),STRONG SIDE DRAW,,False,NONE,OVER 15FT,PERSON,STANDING,100245
342,TASER (PROBE DISCHARGE),,,,,,,,,,,,,,,,,100246
343,TASER (PROBE DISCHARGE),,,,,,,,,,,,,,,,,100255
344,TASER (PROBE DISCHARGE),,,,,,,,,,,,,,,,,100267
345,TASER (PROBE DISCHARGE),,,,,,,,,,,,,,,,,100285
346,TASER (PROBE DISCHARGE),,,,,,,,,,,,,,,,,100293
347,SEMI-AUTO PISTOL,"GLOCK, INC.--AU--",,17,4.5, 9 MM,1.0,False,,RIGHT SIDE (WAIST),STRONG SIDE DRAW,,False,BRICK WALL,0-5FT,UNKNOWN,STANDING,100297
348,SEMI-AUTO PISTOL,"GLOCK, INC.--AU--",,19,4, 9 MM,1.0,False,0.0,OTHER (SPECIFY),OTHER (SPECIFY),,True,UNKNOWN,05-10FT,UNKNOWN,OTHER (SPECIFY),100298
349,SEMI-AUTO PISTOL,"GLOCK, INC.--AU--",,21,4.5,45 CAL,14.0,False,,RIGHT SIDE (WAIST),STRONG SIDE DRAW,,True,BRICK WALL,05-10FT,PERSON,STANDING,100299
350,SEMI-AUTO PISTOL,"GLOCK, INC.--AU--",,19,4, 9 MM,5.0,False,,RIGHT SIDE (WAIST),STRONG SIDE DRAW,,False,CONCRETE STAIRS,OVER 15FT,PERSON,KNEELING,100300
351,SEMI-AUTO PISTOL,SIG/S. I. G./SWISS INDUSTRIAL GESELLSCHAFT   --SZ--,,P220,40,45 CAL,5.0,False,,RIGHT SIDE (WAIST),STRONG SIDE DRAW,,True,DNA,OVER 15FT,UNKNOWN,STANDING,100301
352,TASER (PROBE DISCHARGE),,,,,,,,,,,,,,,,,100306
353,TASER (PROBE DISCHARGE),,,,,,,,,,,,,,,,,100309
354,TASER (PROBE DISCHARGE),,,,,,,,,,,,,,,,,100318
355,TASER (PROBE DISCHARGE),,,,,,,,,,,,,,,,,100321
356,TASER (PROBE DISCHARGE),,,,,,,,,,,,,,,,,100322
357,TASER (PROBE DISCHARGE),,,,,,,,,,,,,,,,,100358
358,TASER (PROBE DISCHARGE),,,,,,,,,,,,,,,,,100378
359,TASER (PROBE DISCHARGE),,,,,,,,,,,,,,,,,100382
360,TASER (PROBE DISCHARGE),,,,,,,,,,,,,,,,,100408
361,SEMI-AUTO PISTOL,"SMITH & WESSON  -US- (BODYGUARD,CHIEF SPECIAL)",,5943,4, 9 MM,1.0,False,,RIGHT SIDE (WAIST),STRONG SIDE DRAW,,False,DNA,10-15FT,UNKNOWN,STANDING,100423
362,TASER (PROBE DISCHARGE),,,,,,,,,,,,,,,,,100444
363,TASER (PROBE DISCHARGE),,,,,,,,,,,,,,,,,100445
364,TASER (PROBE DISCHARGE),,,,,,,,,,,,,,,,,100446
365,TASER (PROBE DISCHARGE),,,,,,,,,,,,,,,,,100464
366,TASER (PROBE DISCHARGE),,,,,,,,,,,,,,,,,100480
367,TASER (PROBE DISCHARGE),,,,,,,,,,,,,,,,,100501
368,TASER (PROBE DISCHARGE),,,,,,,,,,,,,,,,,100502
369,TASER (PROBE DISCHARGE),,,,,,,,,,,,,,,,,100518
370,TASER (PROBE DISCHARGE),,,,,,,,,,,,,,,,,100531
371,TASER (PROBE DISCHARGE),,,,,,,,,,,,,,,,,100548
372,TASER (PROBE DISCHARGE),,,,,,,,,,,,,,,,,100569
373,TASER (PROBE DISCHARGE),,,,,,,,,,,,,,,,,100579
374,CHEMICAL WEAPON,,,,,,,,,,,,,,,,,100601
375,TASER (PROBE DISCHARGE),,,,,,,,,,,,,,,,,100618
376,TASER (PROBE DISCHARGE),,,,,,,,,,,,,,,,,100631
377,TASER (DRIVE STUN MODE),,,,,,,,,,,,,,,,,100633
378,TASER (PROBE DISCHARGE),,,,,,,,,,,,,,,,,100633
379,TASER (PROBE DISCHARGE),,,,,,,,,,,,,,,,,100646
380,TASER (PROBE DISCHARGE),,,,,,,,,,,,,,,,,100648
381,TASER (PROBE DISCHARGE),,,,,,,,,,,,,,,,,100662
382,TASER (PROBE DISCHARGE),,,,,,,,,,,,,,,,,100665
383,TASER (PROBE DISCHARGE),,,,,,,,,,,,,,,,,100676
384,CHEMICAL WEAPON,,,,,,,,,,,,,,,,,100684
385,TASER (PROBE DISCHARGE),,,,,,,,,,,,,,,,,100687
386,TASER (PROBE DISCHARGE),,,,,,,,,,,,,,,,,100691
387,CHEMICAL WEAPON,,,,,,,,,,,,,,,,,100704
388,TASER (PROBE DISCHARGE),,,,,,,,,,,,,,,,,100713
389,TASER (PROBE DISCHARGE),,,,,,,,,,,,,,,,,100736
390,TASER (PROBE DISCHARGE),,,,,,,,,,,,,,,,,100746
391,TASER (PROBE DISCHARGE),,,,,,,,,,,,,,,,,100748
392,TASER (PROBE DISCHARGE),,,,,,,,,,,,,,,,,100753
393,TASER (PROBE DISCHARGE),,,,,,,,,,,,,,,,,100760
394,SEMI-AUTO PISTOL,"GLOCK, INC.--AU--",,17,4.5, 9 MM,9.0,False,,RIGHT SIDE (WAIST),STRONG SIDE DRAW,,True,CAR DOOR,0-5FT,PERSON,STANDING,100770
395,TASER (PROBE DISCHARGE),,,,,,,,,,,,,,,,,100775
396,TASER (PROBE DISCHARGE),,,,,,,,,,,,,,,,,100777
397,SEMI-AUTO PISTOL,"GLOCK, INC.--AU--",,23,4,40 S&W,3.0,False,0.0,RIGHT SIDE (WAIST),STRONG SIDE DRAW,,False,NONE,0-5FT,PERSON,STANDING,100780
398,CHEMICAL WEAPON,,,,,,,,,,,,,,,,,100784
399,TASER (PROBE DISCHARGE),,,,,,,,,,,,,,,,,100784
400,TASER (DRIVE STUN MODE),,,,,,,,,,,,,,,,,100786
401,TASER (PROBE DISCHARGE),,,,,,,,,,,,,,,,,100886
402,TASER (DRIVE STUN MODE),,,,,,,,,,,,,,,,,100890
403,TASER (PROBE DISCHARGE),,,,,,,,,,,,,,,,,100894
404,TASER (DRIVE STUN MODE),,,,,,,,,,,,,,,,,100901
405,TASER (PROBE DISCHARGE),,,,,,,,,,,,,,,,,100911
406,TASER (PROBE DISCHARGE),,,,,,,,,,,,,,,,,100939
407,SEMI-AUTO PISTOL,SIG/S. I. G./SWISS INDUSTRIAL GESELLSCHAFT   --SZ--,,P226,4.4, 9 MM,2.0,False,,RIGHT SIDE (WAIST),STRONG SIDE DRAW,,True,NONE,0-5FT,NONE,OTHER (SPECIFY),100948
408,SEMI-AUTO PISTOL,"GLOCK, INC.--AU--",,19,4.01, 9 MM,4.0,False,0.0,RIGHT SIDE (WAIST),STRONG SIDE DRAW,,True,NONE,10-15FT,PERSON,STANDING,100951
409,TASER (PROBE DISCHARGE),,,,,,,,,,,,,,,,,100955
410,TASER (PROBE DISCHARGE),,,,,,,,,,,,,,,,,100956
411,TASER (PROBE DISCHARGE),,,,,,,,,,,,,,,,,100959
412,TASER (PROBE DISCHARGE),,,,,,,,,,,,,,,,,100960
413,TASER (PROBE DISCHARGE),,,,,,,,,,,,,,,,,100966
414,TASER (PROBE DISCHARGE),,,,,,,,,,,,,,,,,100979
415,TASER (PROBE DISCHARGE),,,,,,,,,,,,,,,,,100998
416,TASER (PROBE DISCHARGE),,,,,,,,,,,,,,,,,101023
417,TASER (PROBE DISCHARGE),,,,,,,,,,,,,,,,,101027
418,TASER (PROBE DISCHARGE),,,,,,,,,,,,,,,,,101068
419,TASER (PROBE DISCHARGE),,,,,,,,,,,,,,,,,101125
420,TASER (PROBE DISCHARGE),,,,,,,,,,,,,,,,,101133
421,TASER (PROBE DISCHARGE),,,,,,,,,,,,,,,,,101170
422,TASER (PROBE DISCHARGE),,,,,,,,,,,,,,,,,101179
423,TASER (PROBE DISCHARGE),,,,,,,,,,,,,,,,,101181
424,TASER (PROBE DISCHARGE),,,,,,,,,,,,,,,,,101205
425,TASER (PROBE DISCHARGE),,,,,,,,,,,,,,,,,101232
426,TASER (PROBE DISCHARGE),,,,,,,,,,,,,,,,,101238
427,TASER (DRIVE STUN MODE),,,,,,,,,,,,,,,,,101257
428,TASER (PROBE DISCHARGE),,,,,,,,,,,,,,,,,101258
429,TASER (PROBE DISCHARGE),,,,,,,,,,,,,,,,,101260
430,TASER (PROBE DISCHARGE),,,,,,,,,,,,,,,,,101261
431,CHEMICAL WEAPON,,,,,,,,,,,,,,,,,101270
432,TASER (PROBE DISCHARGE),,,,,,,,,,,,,,,,,101275
433,TASER (PROBE DISCHARGE),,,,,,,,,,,,,,,,,101315
434,CHEMICAL WEAPON,,,,,,,,,,,,,,,,,101333
435,TASER (PROBE DISCHARGE),,,,,,,,,,,,,,,,,101339
436,TASER (PROBE DISCHARGE),,,,,,,,,,,,,,,,,101349
437,CHEMICAL WEAPON,,,,,,,,,,,,,,,,,101366
438,TASER (PROBE DISCHARGE),,,,,,,,,,,,,,,,,101375
439,CHEMICAL WEAPON,,,,,,,,,,,,,,,,,101386
440,TASER (PROBE DISCHARGE),,,,,,,,,,,,,,,,,101394
441,TASER (PROBE DISCHARGE),,,,,,,,,,,,,,,,,101396
442,TASER (PROBE DISCHARGE),,,,,,,,,,,,,,,,,101465
443,TASER (PROBE DISCHARGE),,,,,,,,,,,,,,,,,101494
444,TASER (PROBE DISCHARGE),,,,,,,,,,,,,,,,,101501
445,TASER (PROBE DISCHARGE),,,,,,,,,,,,,,,,,101502
446,CHEMICAL WEAPON,,,,,,,,,,,,,,,,,101515
447,CHEMICAL WEAPON,,,,,,,,,,,,,,,,,101534
448,TASER (PROBE DISCHARGE),,,,,,,,,,,,,,,,,101557
449,TASER (PROBE DISCHARGE),,,,,,,,,,,,,,,,,101561
450,TASER (PROBE DISCHARGE),,,,,,,,,,,,,,,,,101573
451,CHEMICAL WEAPON,,,,,,,,,,,,,,,,,101575
452,TASER (PROBE DISCHARGE),,,,,,,,,,,,,,,,,101581
453,TASER (PROBE DISCHARGE),,,,,,,,,,,,,,,,,101582
454,TASER (PROBE DISCHARGE),,,,,,,,,,,,,,,,,101621
455,CHEMICAL WEAPON,,,,,,,,,,,,,,,,,101624
456,TASER (PROBE DISCHARGE),,,,,,,,,,,,,,,,,101632
457,TASER (PROBE DISCHARGE),,,,,,,,,,,,,,,,,101653
458,TASER (PROBE DISCHARGE),,,,,,,,,,,,,,,,,101669
459,TASER (PROBE DISCHARGE),,,,,,,,,,,,,,,,,101679
460,TASER (PROBE DISCHARGE),,,,,,,,,,,,,,,,,101683
461,TASER (PROBE DISCHARGE),,,,,,,,,,,,,,,,,101689
462,TASER (PROBE DISCHARGE),,,,,,,,,,,,,,,,,101733
463,TASER (DRIVE STUN MODE),,,,,,,,,,,,,,,,,101735
464,CHEMICAL WEAPON,,,,,,,,,,,,,,,,,101747
465,TASER (PROBE DISCHARGE),,,,,,,,,,,,,,,,,101779
466,TASER (DRIVE STUN MODE),,,,,,,,,,,,,,,,,101782
467,TASER (PROBE DISCHARGE),,,,,,,,,,,,,,,,,101787
468,TASER (DRIVE STUN MODE),,,,,,,,,,,,,,,,,101794
469,TASER (PROBE DISCHARGE),,,,,,,,,,,,,,,,,101849
470,TASER (DRIVE STUN MODE),,,,,,,,,,,,,,,,,101857
471,TASER (PROBE DISCHARGE),,,,,,,,,,,,,,,,,101857
472,TASER (PROBE DISCHARGE),,,,,,,,,,,,,,,,,101891
473,TASER (PROBE DISCHARGE),,,,,,,,,,,,,,,,,101897
474,TASER (PROBE DISCHARGE),,,,,,,,,,,,,,,,,101898
475,TASER (DRIVE STUN MODE),,,,,,,,,,,,,,,,,101921
476,TASER (PROBE DISCHARGE),,,,,,,,,,,,,,,,,101945
477,TASER (PROBE DISCHARGE),,,,,,,,,,,,,,,,,101963
478,TASER (PROBE DISCHARGE),,,,,,,,,,,,,,,,,102037
479,TASER (DRIVE STUN MODE),,,,,,,,,,,,,,,,,102070
480,TASER (PROBE DISCHARGE),,,,,,,,,,,,,,,,,102076
481,TASER (PROBE DISCHARGE),,,,,,,,,,,,,,,,,102082
482,TASER (PROBE DISCHARGE),,,,,,,,,,,,,,,,,102092
483,TASER (PROBE DISCHARGE),,,,,,,,,,,,,,,,,102104
484,TASER (PROBE DISCHARGE),,,,,,,,,,,,,,,,,102106
485,TASER (PROBE DISCHARGE),,,,,,,,,,,,,,,,,102111
486,TASER (PROBE DISCHARGE),,,,,,,,,,,,,,,,,102118
487,TASER (PROBE DISCHARGE),,,,,,,,,,,,,,,,,102126
488,TASER (PROBE DISCHARGE),,,,,,,,,,,,,,,,,102151
489,TASER (PROBE DISCHARGE),,,,,,,,,,,,,,,,,102173
490,TASER (PROBE DISCHARGE),,,,,,,,,,,,,,,,,102185
491,TASER (PROBE DISCHARGE),,,,,,,,,,,,,,,,,102191
492,TASER (PROBE DISCHARGE),,,,,,,,,,,,,,,,,102192
493,CHEMICAL WEAPON,,,,,,,,,,,,,,,,,102229
494,CHEMICAL WEAPON,,,,,,,,,,,,,,,,,102230
495,TASER (PROBE DISCHARGE),,,,,,,,,,,,,,,,,102280
496,TASER (PROBE DISCHARGE),,,,,,,,,,,,,,,,,102310
497,TASER (PROBE DISCHARGE),,,,,,,,,,,,,,,,,102327
498,TASER (PROBE DISCHARGE),,,,,,,,,,,,,,,,,102379
499,TASER (PROBE DISCHARGE),,,,,,,,,,,,,,,,,102381
500,TASER (DRIVE STUN MODE),,,,,,,,,,,,,,,,,102383
501,TASER (PROBE DISCHARGE),,,,,,,,,,,,,,,,,102385
502,CHEMICAL WEAPON,,,,,,,,,,,,,,,,,102390
503,CHEMICAL WEAPON,,,,,,,,,,,,,,,,,102391
504,CHEMICAL WEAPON,,,,,,,,,,,,,,,,,102392
505,CHEMICAL WEAPON,,,,,,,,,,,,,,,,,102401
506,TASER (PROBE DISCHARGE),,,,,,,,,,,,,,,,,102405
507,TASER (PROBE DISCHARGE),,,,,,,,,,,,,,,,,102420
508,TASER (PROBE DISCHARGE),,,,,,,,,,,,,,,,,102437
509,TASER (PROBE DISCHARGE),,,,,,,,,,,,,,,,,102494
510,TASER (PROBE DISCHARGE),,,,,,,,,,,,,,,,,102534
511,TASER (PROBE DISCHARGE),,,,,,,,,,,,,,,,,102535
512,CHEMICAL WEAPON,,,,,,,,,,,,,,,,,102544
513,TASER (PROBE DISCHARGE),,,,,,,,,,,,,,,,,102548
514,CHEMICAL WEAPON,,,,,,,,,,,,,,,,,102583
515,TASER (PROBE DISCHARGE),,,,,,,,,,,,,,,,,102601
516,CHEMICAL WEAPON,,,,,,,,,,,,,,,,,102621
517,TASER (PROBE DISCHARGE),,,,,,,,,,,,,,,,,102637
518,TASER (PROBE DISCHARGE),,,,,,,,,,,,,,,,,102647
519,TASER (DRIVE STUN MODE),,,,,,,,,,,,,,,,,102657
520,TASER (PROBE DISCHARGE),,,,,,,,,,,,,,,,,102657
521,TASER (PROBE DISCHARGE),,,,,,,,,,,,,,,,,102662
522,CHEMICAL WEAPON,,,,,,,,,,,,,,,,,102668
523,TASER (PROBE DISCHARGE),,,,,,,,,,,,,,,,,102670
524,TASER (PROBE DISCHARGE),,,,,,,,,,,,,,,,,102676
525,CHEMICAL WEAPON,,,,,,,,,,,,,,,,,102691
526,SEMI-AUTO PISTOL,SPRINGFIELD ARMS CO.--US--(NAME USED BY CRESCENT),,XDM,4.5, 9 MM,5.0,False,,RIGHT SIDE (WAIST),STRONG SIDE DRAW,,True,VEHICLE,10-15FT,PERSON,SITTING,102741
527,SEMI-AUTO PISTOL,"GLOCK, INC.--AU--",,17,4.5, 9 MM,16.0,False,,RIGHT SIDE (WAIST),STRONG SIDE DRAW,,True,NONE,0-5FT,PERSON,STANDING,102742
528,TASER (PROBE DISCHARGE),,,,,,,,,,,,,,,,,102755
529,TASER (DRIVE STUN MODE),,,,,,,,,,,,,,,,,102758
530,TASER (PROBE DISCHARGE),,,,,,,,,,,,,,,,,102788
531,TASER (PROBE DISCHARGE),,,,,,,,,,,,,,,,,102813
532,TASER (PROBE DISCHARGE),,,,,,,,,,,,,,,,,102819
533,TASER (PROBE DISCHARGE),,,,,,,,,,,,,,,,,102821
534,TASER (PROBE DISCHARGE),,,,,,,,,,,,,,,,,102825
535,TASER (PROBE DISCHARGE),,,,,,,,,,,,,,,,,102829
536,RIFLE,,,DEFENDER,16,,3.0,False,,,,,True,DISTANCE,,,,102831
537,SEMI-AUTO PISTOL,"GLOCK, INC.--AU--",,19,4, 9 MM,3.0,False,,RIGHT SIDE (WAIST),STRONG SIDE DRAW,,False,DISTANCE,0-5FT,ANIMAL,STANDING,102832
538,TASER (PROBE DISCHARGE),,,,,,,,,,,,,,,,,102840
539,TASER (PROBE DISCHARGE),,,,,,,,,,,,,,,,,102876
540,TASER (DRIVE STUN MODE),,,,,,,,,,,,,,,,,102925
541,SEMI-AUTO PISTOL,"GLOCK, INC.--AU--",,17,4.49, 9 MM,3.0,False,,RIGHT SIDE (WAIST),STRONG SIDE DRAW,,True,NONE,05-10FT,PERSON,STANDING,102935
542,TASER (PROBE DISCHARGE),,,,,,,,,,,,,,,,,102942
543,TASER (PROBE DISCHARGE),,,,,,,,,,,,,,,,,102962
544,TASER (PROBE DISCHARGE),,,,,,,,,,,,,,,,,102979
545,TASER (PROBE DISCHARGE),,,,,,,,,,,,,,,,,102985
546,TASER (PROBE DISCHARGE),,,,,,,,,,,,,,,,,102987
547,CHEMICAL WEAPON,,,,,,,,,,,,,,,,,102990
548,TASER (PROBE DISCHARGE),,,,,,,,,,,,,,,,,103032
549,TASER (PROBE DISCHARGE),,,,,,,,,,,,,,,,,103034
550,TASER (PROBE DISCHARGE),,,,,,,,,,,,,,,,,103038
551,TASER (PROBE DISCHARGE),,,,,,,,,,,,,,,,,103043
552,TASER (PROBE DISCHARGE),,,,,,,,,,,,,,,,,103044
553,TASER (PROBE DISCHARGE),,,,,,,,,,,,,,,,,103101
554,TASER (PROBE DISCHARGE),,,,,,,,,,,,,,,,,103105
555,SEMI-AUTO PISTOL,"SMITH & WESSON  -US- (BODYGUARD,CHIEF SPECIAL)",,M&P,4, 9 MM,3.0,False,,RIGHT SIDE (WAIST),STRONG SIDE DRAW,,False,NONE,0-5FT,PERSON,STANDING,103156
556,TASER (PROBE DISCHARGE),,,,,,,,,,,,,,,,,103161
557,TASER (PROBE DISCHARGE),,,,,,,,,,,,,,,,,103191
558,TASER (PROBE DISCHARGE),,,,,,,,,,,,,,,,,103204
559,SEMI-AUTO PISTOL,"GLOCK, INC.--AU--",,21,4.6, 45 ACP,14.0,True,13.0,RIGHT SIDE (WAIST),STRONG SIDE DRAW,EMERGENCY RELOAD,True,POLICE VEHICLE,OVER 15FT,BOTH,SITTING,103227
560,TASER (DRIVE STUN MODE),,,,,,,,,,,,,,,,,103248
561,TASER (PROBE DISCHARGE),,,,,,,,,,,,,,,,,103254
562,TASER (PROBE DISCHARGE),,,,,,,,,,,,,,,,,103261
563,TASER (PROBE DISCHARGE),,,,,,,,,,,,,,,,,103262
564,TASER (PROBE DISCHARGE),,,,,,,,,,,,,,,,,103265
565,TASER (PROBE DISCHARGE),,,,,,,,,,,,,,,,,103285
566,TASER (PROBE DISCHARGE),,,,,,,,,,,,,,,,,103293
567,TASER (PROBE DISCHARGE),,,,,,,,,,,,,,,,,103294
568,TASER (PROBE DISCHARGE),,,,,,,,,,,,,,,,,103336
569,TASER (PROBE DISCHARGE),,,,,,,,,,,,,,,,,103345
570,TASER (PROBE DISCHARGE),,,,,,,,,,,,,,,,,103350
571,TASER (PROBE DISCHARGE),,,,,,,,,,,,,,,,,103351
572,TASER (PROBE DISCHARGE),,,,,,,,,,,,,,,,,103357
573,TASER (PROBE DISCHARGE),,,,,,,,,,,,,,,,,103360
574,TASER (PROBE DISCHARGE),,,,,,,,,,,,,,,,,103387
575,TASER (PROBE DISCHARGE),,,,,,,,,,,,,,,,,103394
576,TASER (PROBE DISCHARGE),,,,,,,,,,,,,,,,,103409
577,TASER (PROBE DISCHARGE),,,,,,,,,,,,,,,,,103429
578,TASER (PROBE DISCHARGE),,,,,,,,,,,,,,,,,103435
579,TASER (PROBE DISCHARGE),,,,,,,,,,,,,,,,,103455
580,CHEMICAL WEAPON,,,,,,,,,,,,,,,,,103456
581,TASER (PROBE DISCHARGE),,,,,,,,,,,,,,,,,103467
582,TASER (PROBE DISCHARGE),,,,,,,,,,,,,,,,,103486
583,TASER (PROBE DISCHARGE),,,,,,,,,,,,,,,,,103513
584,TASER (PROBE DISCHARGE),,,,,,,,,,,,,,,,,103553
585,TASER (PROBE DISCHARGE),,,,,,,,,,,,,,,,,103568
586,TASER (DRIVE STUN MODE),,,,,,,,,,,,,,,,,103584
587,TASER (PROBE DISCHARGE),,,,,,,,,,,,,,,,,103600
588,TASER (PROBE DISCHARGE),,,,,,,,,,,,,,,,,103642
589,TASER (DRIVE STUN MODE),,,,,,,,,,,,,,,,,103645
590,SEMI-AUTO PISTOL,"GLOCK, INC.--AU--",,17,4.5, 9 MM,8.0,False,,RIGHT SIDE (WAIST),STRONG SIDE DRAW,,False,NONE,05-10FT,PERSON,OTHER (SPECIFY),103649
591,TASER (PROBE DISCHARGE),,,,,,,,,,,,,,,,,103650
592,TASER (PROBE DISCHARGE),,,,,,,,,,,,,,,,,103651
593,TASER (DRIVE STUN MODE),,,,,,,,,,,,,,,,,103654
594,TASER (PROBE DISCHARGE),,,,,,,,,,,,,,,,,103654
595,CHEMICAL WEAPON,,,,,,,,,,,,,,,,,103665
596,TASER (PROBE DISCHARGE),,,,,,,,,,,,,,,,,103667
597,TASER (PROBE DISCHARGE),,,,,,,,,,,,,,,,,103668
598,TASER (PROBE DISCHARGE),,,,,,,,,,,,,,,,,103691
599,TASER (PROBE DISCHARGE),,,,,,,,,,,,,,,,,103693
600,TASER (DRIVE STUN MODE),,,,,,,,,,,,,,,,,103696
601,TASER (DRIVE STUN MODE),,,,,,,,,,,,,,,,,103701
602,TASER (PROBE DISCHARGE),,,,,,,,,,,,,,,,,103720
603,TASER (DRIVE STUN MODE),,,,,,,,,,,,,,,,,103768
604,TASER (PROBE DISCHARGE),,,,,,,,,,,,,,,,,103770
605,SEMI-AUTO PISTOL,SPRINGFIELD ARMS CO.--US--(NAME USED BY CRESCENT),,XD,4, 45 ACP,1.0,False,0.0,RIGHT SIDE (WAIST),STRONG SIDE DRAW,,True,WALL,10-15FT,OBJECT,STANDING,103793
606,SEMI-AUTO PISTOL,"GLOCK, INC.--AU--",,19,4, 9 MM,1.0,False,0.0,RIGHT SIDE (WAIST),STRONG SIDE DRAW,DNA,True,CORNER OF BUILDING,OVER 15FT,UNKNOWN,STANDING,103795
607,SEMI-AUTO PISTOL,"GLOCK, INC.--AU--",,22,4.5,40 S&W,3.0,False,,RIGHT SIDE (WAIST),STRONG SIDE DRAW,,True,REAR FENCE,10-15FT,PERSON,STANDING,103797
608,SEMI-AUTO PISTOL,"GLOCK, INC.--AU--",,21,4.5, 45 ACP,1.0,False,0.0,RIGHT SIDE (WAIST),STRONG SIDE DRAW,NONE,True,NO COVER,05-10FT,UNKNOWN,STANDING,103798
609,SEMI-AUTO PISTOL,"GLOCK, INC.--AU--",,19,4, 9 MM,1.0,False,,RIGHT SIDE (WAIST),STRONG SIDE DRAW,,False,NONE,10-15FT,UNKNOWN,STANDING,103801
610,TASER (PROBE DISCHARGE),,,,,,,,,,,,,,,,,103812
611,TASER (PROBE DISCHARGE),,,,,,,,,,,,,,,,,103814
612,TASER (DRIVE STUN MODE),,,,,,,,,,,,,,,,,103831
613,TASER (PROBE DISCHARGE),,,,,,,,,,,,,,,,,103839
614,TASER (PROBE DISCHARGE),,,,,,,,,,,,,,,,,103842
615,TASER (PROBE DISCHARGE),,,,,,,,,,,,,,,,,103846
616,TASER (PROBE DISCHARGE),,,,,,,,,,,,,,,,,103872
617,TASER (PROBE DISCHARGE),,,,,,,,,,,,,,,,,103877
618,TASER (PROBE DISCHARGE),,,,,,,,,,,,,,,,,103881
619,SEMI-AUTO PISTOL,"GLOCK, INC.--AU--",,22,4,40 S&W,6.0,True,15.0,RIGHT SIDE (WAIST),STRONG SIDE DRAW,LT HAND TACTICAL,False,SQUAD CAR,0-5FT,PERSON,STANDING,103890
620,SEMI-AUTO PISTOL,"GLOCK, INC.--AU--",,23 GEN 4,4.02,40 S&W,6.0,False,0.0,RIGHT SIDE (WAIST),STRONG SIDE DRAW,DNA,True,NONE,0-5FT,PERSON,STANDING,103891
621,TASER (PROBE DISCHARGE),,,,,,,,,,,,,,,,,103896
622,TASER (PROBE DISCHARGE),,,,,,,,,,,,,,,,,103904
623,TASER (PROBE DISCHARGE),,,,,,,,,,,,,,,,,103905
624,TASER (PROBE DISCHARGE),,,,,,,,,,,,,,,,,103927
625,SEMI-AUTO PISTOL,"GLOCK, INC.--AU--",,19,4, 9 MM,2.0,False,,RIGHT SIDE (WAIST),STRONG SIDE DRAW,,True,NONE,10-15FT,NONE,STANDING,103970
626,SEMI-AUTO PISTOL,"GLOCK, INC.--AU--",,19,4.02, 9 MM,5.0,False,0.0,RIGHT SIDE (WAIST),STRONG SIDE DRAW,,False,NONE,10-15FT,NONE,STANDING,103973
627,CHEMICAL WEAPON,,,,,,,,,,,,,,,,,103992
628,TASER (DRIVE STUN MODE),,,,,,,,,,,,,,,,,104011
629,TASER (PROBE DISCHARGE),,,,,,,,,,,,,,,,,104011
630,TASER (PROBE DISCHARGE),,,,,,,,,,,,,,,,,104012
631,TASER (PROBE DISCHARGE),,,,,,,,,,,,,,,,,104015
632,TASER (PROBE DISCHARGE),,,,,,,,,,,,,,,,,104023
633,TASER (PROBE DISCHARGE),,,,,,,,,,,,,,,,,104031
634,TASER (PROBE DISCHARGE),,,,,,,,,,,,,,,,,104036
635,TASER (PROBE DISCHARGE),,,,,,,,,,,,,,,,,104048
636,TASER (PROBE DISCHARGE),,,,,,,,,,,,,,,,,104060
637,TASER (PROBE DISCHARGE),,,,,,,,,,,,,,,,,104087
638,TASER (PROBE DISCHARGE),,,,,,,,,,,,,,,,,104091
639,TASER (PROBE DISCHARGE),,,,,,,,,,,,,,,,,104095
640,TASER (PROBE DISCHARGE),,,,,,,,,,,,,,,,,104096
641,TASER (PROBE DISCHARGE),,,,,,,,,,,,,,,,,104100
642,TASER (PROBE DISCHARGE),,,,,,,,,,,,,,,,,104101
643,TASER (PROBE DISCHARGE),,,,,,,,,,,,,,,,,104109
644,TASER (PROBE DISCHARGE),,,,,,,,,,,,,,,,,104127
645,TASER (PROBE DISCHARGE),,,,,,,,,,,,,,,,,104128
646,TASER (PROBE DISCHARGE),,,,,,,,,,,,,,,,,104155
647,TASER (PROBE DISCHARGE),,,,,,,,,,,,,,,,,104158
648,TASER (PROBE DISCHARGE),,,,,,,,,,,,,,,,,104162
649,TASER (PROBE DISCHARGE),,,,,,,,,,,,,,,,,104164
650,TASER (PROBE DISCHARGE),,,,,,,,,,,,,,,,,104167
651,TASER (PROBE DISCHARGE),,,,,,,,,,,,,,,,,104168
652,TASER (PROBE DISCHARGE),,,,,,,,,,,,,,,,,104243
653,TASER (PROBE DISCHARGE),,,,,,,,,,,,,,,,,104247
654,TASER (PROBE DISCHARGE),,,,,,,,,,,,,,,,,104248
655,TASER (PROBE DISCHARGE),,,,,,,,,,,,,,,,,104299
656,TASER (PROBE DISCHARGE),,,,,,,,,,,,,,,,,104308
657,TASER (PROBE DISCHARGE),,,,,,,,,,,,,,,,,104311
658,TASER (PROBE DISCHARGE),,,,,,,,,,,,,,,,,104312
659,TASER (PROBE DISCHARGE),,,,,,,,,,,,,,,,,104353
660,SEMI-AUTO PISTOL,"GLOCK, INC.--AU--",,19,4, 9 MM,2.0,False,0.0,LEFT SIDE (WAIST),STRONG SIDE DRAW,,False,NONE,10-15FT,PERSON,SITTING,104360
661,TASER (PROBE DISCHARGE),,,,,,,,,,,,,,,,,104398
662,TASER (PROBE DISCHARGE),,,,,,,,,,,,,,,,,104408
663,TASER (PROBE DISCHARGE),,,,,,,,,,,,,,,,,104424
664,TASER (PROBE DISCHARGE),,,,,,,,,,,,,,,,,104426
665,TASER (PROBE DISCHARGE),,,,,,,,,,,,,,,,,104435
666,TASER (PROBE DISCHARGE),,,,,,,,,,,,,,,,,104460
667,SEMI-AUTO PISTOL,SPRINGFIELD ARMORY M1A,,XD-45,3.1, 45 ACP,1.0,False,0.0,RIGHT SIDE (WAIST),STRONG SIDE DRAW,DNA,False,NONE,0-5FT,PERSON,STANDING,104468
668,TASER (PROBE DISCHARGE),,,,,,,,,,,,,,,,,104482
669,SEMI-AUTO PISTOL,"GLOCK, INC.--AU--",,19,4.02, 9 MM,11.0,False,0.0,RIGHT SIDE (WAIST),STRONG SIDE DRAW,DNA,True,DISTANCE,05-10FT,OBJECT,STANDING,104521
670,SEMI-AUTO PISTOL,"GLOCK, INC.--AU--",,17,4.5, 9 MM,5.0,False,,RIGHT SIDE (WAIST),STRONG SIDE DRAW,,False,NONE,0-5FT,OBJECT,STANDING,104522
671,TASER (PROBE DISCHARGE),,,,,,,,,,,,,,,,,104538
672,TASER (PROBE DISCHARGE),,,,,,,,,,,,,,,,,104548
673,TASER (PROBE DISCHARGE),,,,,,,,,,,,,,,,,104551
674,TASER (PROBE DISCHARGE),,,,,,,,,,,,,,,,,104574
675,TASER (PROBE DISCHARGE),,,,,,,,,,,,,,,,,104595
676,TASER (PROBE DISCHARGE),,,,,,,,,,,,,,,,,104599
677,TASER (PROBE DISCHARGE),,,,,,,,,,,,,,,,,104607
678,TASER (PROBE DISCHARGE),,,,,,,,,,,,,,,,,104608
679,TASER (PROBE DISCHARGE),,,,,,,,,,,,,,,,,104622
680,CHEMICAL WEAPON,,,,,,,,,,,,,,,,,104627
681,TASER (PROBE DISCHARGE),,,,,,,,,,,,,,,,,104631
682,TASER (PROBE DISCHARGE),,,,,,,,,,,,,,,,,104665
683,TASER (PROBE DISCHARGE),,,,,,,,,,,,,,,,,104670
684,TASER (PROBE DISCHARGE),,,,,,,,,,,,,,,,,104672
685,TASER (PROBE DISCHARGE),,,,,,,,,,,,,,,,,104673
686,TASER (PROBE DISCHARGE),,,,,,,,,,,,,,,,,104676
687,TASER (PROBE DISCHARGE),,,,,,,,,,,,,,,,,104679
688,TASER (PROBE DISCHARGE),,,,,,,,,,,,,,,,,104680
689,TASER (PROBE DISCHARGE),,,,,,,,,,,,,,,,,104683
690,SEMI-AUTO PISTOL,"SMITH & WESSON  -US- (BODYGUARD,CHIEF SPECIAL)",,M&P,4.25, 9 MM,5.0,False,,RIGHT SIDE (WAIST),STRONG SIDE DRAW,,True,NONE,10-15FT,UNKNOWN,STANDING,104689
691,TASER (PROBE DISCHARGE),,,,,,,,,,,,,,,,,104690
692,TASER (DRIVE STUN MODE),,,,,,,,,,,,,,,,,104704
693,TASER (PROBE DISCHARGE),,,,,,,,,,,,,,,,,104731
694,TASER (PROBE DISCHARGE),,,,,,,,,,,,,,,,,104736
695,TASER (PROBE DISCHARGE),,,,,,,,,,,,,,,,,104762
696,TASER (PROBE DISCHARGE),,,,,,,,,,,,,,,,,104819
697,TASER (PROBE DISCHARGE),,,,,,,,,,,,,,,,,104820
698,TASER (PROBE DISCHARGE),,,,,,,,,,,,,,,,,104845
699,TASER (PROBE DISCHARGE),,,,,,,,,,,,,,,,,104858
700,SEMI-AUTO PISTOL,"GLOCK, INC.--AU--",,17,4.48, 9 MM,5.0,False,,LEFT SIDE (WAIST),STRONG SIDE DRAW,,True,PINNED BETWEEN VEHICLES,05-10FT,PERSON,STANDING,104863
701,TASER (PROBE DISCHARGE),,,,,,,,,,,,,,,,,104926
702,TASER (PROBE DISCHARGE),,,,,,,,,,,,,,,,,104946
703,TASER (PROBE DISCHARGE),,,,,,,,,,,,,,,,,104969
704,TASER (PROBE DISCHARGE),,,,,,,,,,,,,,,,,104987
705,TASER (PROBE DISCHARGE),,,,,,,,,,,,,,,,,104993
706,TASER (PROBE DISCHARGE),,,,,,,,,,,,,,,,,104994
707,TASER (PROBE DISCHARGE),,,,,,,,,,,,,,,,,105018
708,TASER (PROBE DISCHARGE),,,,,,,,,,,,,,,,,105047
709,TASER (PROBE DISCHARGE),,,,,,,,,,,,,,,,,105059
710,SEMI-AUTO PISTOL,"GLOCK, INC.--AU--",,21,4.61,45 CAL,1.0,False,0.0,RIGHT SIDE (WAIST),STRONG SIDE DRAW,,False,NONE,OVER 15FT,NONE,STANDING,105065
711,TASER (PROBE DISCHARGE),,,,,,,,,,,,,,,,,105096
712,TASER (PROBE DISCHARGE),,,,,,,,,,,,,,,,,105100
713,TASER (PROBE DISCHARGE),,,,,,,,,,,,,,,,,105104
714,TASER (PROBE DISCHARGE),,,,,,,,,,,,,,,,,105106
715,TASER (PROBE DISCHARGE),,,,,,,,,,,,,,,,,105107
716,TASER (PROBE DISCHARGE),,,,,,,,,,,,,,,,,105131
717,TASER (PROBE DISCHARGE),,,,,,,,,,,,,,,,,105183
718,TASER (PROBE DISCHARGE),,,,,,,,,,,,,,,,,105188
719,TASER (PROBE DISCHARGE),,,,,,,,,,,,,,,,,105197
720,CHEMICAL WEAPON,,,,,,,,,,,,,,,,,105200
721,TASER (PROBE DISCHARGE),,,,,,,,,,,,,,,,,105247
722,TASER (PROBE DISCHARGE),,,,,,,,,,,,,,,,,105250
723,SEMI-AUTO PISTOL,"GLOCK, INC.--AU--",,17,4.5, 9 MM,18.0,True,1.0,LEFT SIDE (WAIST),STRONG SIDE DRAW,TACTICAL RELOAD,True,"SHIELDING AND COVER, TACTICAL RETREAT",OVER 15FT,NONE,STANDING,105260
724,TASER (PROBE DISCHARGE),,,,,,,,,,,,,,,,,105290
725,TASER (PROBE DISCHARGE),,,,,,,,,,,,,,,,,105294
726,TASER (PROBE DISCHARGE),,,,,,,,,,,,,,,,,105295
727,CHEMICAL WEAPON,,,,,,,,,,,,,,,,,105344
728,TASER (PROBE DISCHARGE),,,,,,,,,,,,,,,,,105355
729,TASER (PROBE DISCHARGE),,,,,,,,,,,,,,,,,105358
730,TASER (PROBE DISCHARGE),,,,,,,,,,,,,,,,,105370
731,TASER (PROBE DISCHARGE),,,,,,,,,,,,,,,,,105372
732,TASER (PROBE DISCHARGE),,,,,,,,,,,,,,,,,105373
733,TASER (PROBE DISCHARGE),,,,,,,,,,,,,,,,,105434
734,CHEMICAL WEAPON,,,,,,,,,,,,,,,,,105444
735,TASER (PROBE DISCHARGE),,,,,,,,,,,,,,,SUBJECT,,353787
736,TASER (PROBE DISCHARGE),,,,,,,,,,,,,,,SUBJECT,,354083
737,TASER (PROBE DISCHARGE),,,,,,,,,,,,,,,SUBJECT,,355728
738,TASER (PROBE DISCHARGE),,,,,,,,,,,,,,,SUBJECT,,356653
739,TASER (PROBE DISCHARGE),,,,,,,,,,,,,,,SUBJECT,,357400
740,TASER (PROBE DISCHARGE),,,,,,,,,,,,,,,SUBJECT,,357607
741,TASER (PROBE DISCHARGE),,,,,,,,,,,,,,,SUBJECT,,357711
742,TASER (PROBE DISCHARGE),,,,,,,,,,,,,,,SUBJECT,,360895
743,TASER (PROBE DISCHARGE),,,,,,,,,,,,,,,SUBJECT,,361543
744,TASER (PROBE DISCHARGE),,,,,,,,,,,,,,,NONE,,361650
745,TASER (PROBE DISCHARGE),,,,,,,,,,,,,,,SUBJECT,,362730
746,TASER (PROBE DISCHARGE),,,,,,,,,,,,,,,SUBJECT,,364786
747,TASER (PROBE DISCHARGE),,,,,,,,,,,,,,,NONE,,365125
748,TASER (PROBE DISCHARGE),,,,,,,,,,,,,,,SUBJECT,,366220
749,TASER (PROBE DISCHARGE),,,,,,,,,,,,,,,NONE,,368906
750,TASER (PROBE DISCHARGE),,,,,,,,,,,,,,,SUBJECT,,369507
751,TASER (PROBE DISCHARGE),,,,,,,,,,,,,,,SUBJECT,,370312
752,TASER (PROBE DISCHARGE),,,,,,,,,,,,,,,SUBJECT,,370388
753,TASER (PROBE DISCHARGE),,,,,,,,,,,,,,,SUBJECT,,370573
754,TASER (PROBE DISCHARGE),,,,,,,,,,,,,,,SUBJECT,,376008
755,TASER (PROBE DISCHARGE),,,,,,,,,,,,,,,NONE,,376250
756,OTHER (SPECIFY),,,,,,,,,,,,,,,ANY OTHER COMBINATION,,376278
757,TASER (PROBE DISCHARGE),,,,,,,,,,,,,,,NONE,,376280
758,TASER (PROBE DISCHARGE),,,,,,,,,,,,,,,SUBJECT,,378479
759,TASER (PROBE DISCHARGE),,,,,,,,,,,,,,,SUBJECT,,379343
760,TASER (PROBE DISCHARGE),,,,,,,,,,,,,,,SUBJECT,,379379
761,TASER (PROBE DISCHARGE),,,,,,,,,,,,,,,SUBJECT,,380450
762,TASER (PROBE DISCHARGE),,,,,,,,,,,,,,,SUBJECT,,382088
763,TASER (PROBE DISCHARGE),,,,,,,,,,,,,,,NONE,,383104
764,TASER (PROBE DISCHARGE),,,,,,,,,,,,,,,SUBJECT,,385305
765,TASER (PROBE DISCHARGE),,,,,,,,,,,,,,,SUBJECT,,386607
766,TASER (PROBE DISCHARGE),,,,,,,,,,,,,,,SUBJECT,,387120
767,TASER (PROBE DISCHARGE),,,,,,,,,,,,,,,SUBJECT,,387165
768,TASER (PROBE DISCHARGE),,,,,,,,,,,,,,,SUBJECT,,387183
769,SEMI-AUTO PISTOL,,GLOCK GMBH,17,,,7.0,False,,,,,,,,SUBJECT,,387472
770,TASER (PROBE DISCHARGE),,,,,,,,,,,,,,,SUBJECT,,387883
771,TASER (PROBE DISCHARGE),,,,,,,,,,,,,,,SUBJECT,,388956
772,TASER (PROBE DISCHARGE),,,,,,,,,,,,,,,SUBJECT,,389387
773,TASER (PROBE DISCHARGE),,,,,,,,,,,,,,,NONE,,393000
774,SEMI-AUTO PISTOL,,GLOCK GMBH,17,,,9.0,False,,,,,,,,UNKNOWN,,393020
775,SEMI-AUTO PISTOL,,"SPRINGFIELD ARMORY,GENESEO,IL",XD9,,,14.0,True,,,,,,,,UNKNOWN,,393021
776,TASER (PROBE DISCHARGE),,,,,,,,,,,,,,,SUBJECT,,396997
777,TASER (PROBE DISCHARGE),,,,,,,,,,,,,,,SUBJECT,,398871
778,TASER (PROBE DISCHARGE),,,,,,,,,,,,,,,SUBJECT,,398937
779,TASER (PROBE DISCHARGE),,,,,,,,,,,,,,,SUBJECT,,399012
780,TASER (PROBE DISCHARGE),,,,,,,,,,,,,,,SUBJECT,,399105
781,TASER (PROBE DISCHARGE),,,,,,,,,,,,,,,SUBJECT,,401509
782,SEMI-AUTO PISTOL,,GLOCK GMBH,42,,,1.0,False,,,,,,,,SUBJECT,,401602
783,TASER (PROBE DISCHARGE),,,,,,,,,,,,,,,SUBJECT,,407932
784,TASER (PROBE DISCHARGE),,,,,,,,,,,,,,,SUBJECT,,408005
785,TASER (PROBE DISCHARGE),,,,,,,,,,,,,,,SUBJECT,,409070
786,TASER (PROBE DISCHARGE),,,,,,,,,,,,,,,SUBJECT,,409199
787,TASER (PROBE DISCHARGE),,,,,,,,,,,,,,,SUBJECT,,409847
788,TASER (PROBE DISCHARGE),,,,,,,,,,,,,,,SUBJECT,,409927
789,TASER (PROBE DISCHARGE),,,,,,,,,,,,,,,SUBJECT,,410484
790,TASER (PROBE DISCHARGE),,,,,,,,,,,,,,,SUBJECT,,412105
791,TASER (PROBE DISCHARGE),,,,,,,,,,,,,,,SUBJECT,,412420
792,TASER (PROBE DISCHARGE),,,,,,,,,,,,,,,SUBJECT,,414702
793,TASER (PROBE DISCHARGE),,,,,,,,,,,,,,,SUBJECT,,419131
794,SEMI-AUTO PISTOL,,GLOCK GMBH,19,,,1.0,False,,,,,,,,OBJECT,,420870
795,SEMI-AUTO PISTOL,,GLOCK GMBH,19,,,1.0,False,,,,,,,,UNKNOWN,,420877
796,SEMI-AUTO PISTOL,,SMITH & WESSON,M&P,,,1.0,False,,,,,,,,OBJECT,,420945
797,TASER (PROBE DISCHARGE),,,,,,,,,,,,,,,SUBJECT,,421862
798,SEMI-AUTO PISTOL,,GLOCK GMBH,17,,,3.0,False,,,,,,,,SUBJECT,,424638
799,SEMI-AUTO PISTOL,,GLOCK GMBH,17,,,3.0,False,,,,,,,,SUBJECT,,424755
800,TASER (PROBE DISCHARGE),,,,,,,,,,,,,,,OBJECT,,426034
801,TASER (PROBE DISCHARGE),,,,,,,,,,,,,,,SUBJECT,,428376
802,TASER (PROBE DISCHARGE),,,,,,,,,,,,,,,SUBJECT,,428380
803,SEMI-AUTO PISTOL,,RUGER,LCP,,,2.0,False,,,,,,,,NONE,,428917
804,REVOLVER,,SMITH & WESSON,38,,,1.0,False,,,,,,,,NONE,,428986
805,TASER (PROBE DISCHARGE),,,,,,,,,,,,,,,SUBJECT,,431103
806,TASER (PROBE DISCHARGE),,,,,,,,,,,,,,,SUBJECT,,431570
807,TASER (PROBE DISCHARGE),,,,,,,,,,,,,,,SUBJECT,,432843
808,TASER (PROBE DISCHARGE),,,,,,,,,,,,,,,NONE,,437912
809,CHEMICAL WEAPON,,,,,,,,,,,,,,,SUBJECT,,443588
810,TASER (PROBE DISCHARGE),,,,,,,,,,,,,,,SUBJECT,,444720
811,TASER (PROBE DISCHARGE),,,,,,,,,,,,,,,NONE,,447910
812,TASER (PROBE DISCHARGE),,,,,,,,,,,,,,,SUBJECT,,450937
813,TASER (PROBE DISCHARGE),,,,,,,,,,,,,,,SUBJECT,,451238
814,TASER (PROBE DISCHARGE),,,,,,,,,,,,,,,SUBJECT,,453513
815,SEMI-AUTO PISTOL,,GLOCK GMBH,19,,,4.0,False,,,,,,,,SUBJECT,,453802
816,TASER (PROBE DISCHARGE),,,,,,,,,,,,,,,SUBJECT,,454969
817,OTHER (SPECIFY),,,,,,,,,,,,,,,NONE,,456570
818,OTHER (SPECIFY),,,,,,,,,,,,,,,NONE,,457517
819,TASER (PROBE DISCHARGE),,,,,,,,,,,,,,,SUBJECT,,460135
820,TASER (PROBE DISCHARGE),,,,,,,,,,,,,,,SUBJECT,,461306
821,TASER (PROBE DISCHARGE),,,,,,,,,,,,,,,NONE,,463983
822,TASER (PROBE DISCHARGE),,,,,,,,,,,,,,,SUBJECT,,465507
823,TASER (PROBE DISCHARGE),,,,,,,,,,,,,,,SUBJECT,,466003
824,SEMI-AUTO PISTOL,,GLOCK GMBH,17,,,1.0,False,,,,,,,,SUBJECT,,468384
825,TASER (PROBE DISCHARGE),,,,,,,False,,,,,,,,SUBJECT,,468384
826,TASER (PROBE DISCHARGE),,,,,,,,,,,,,,,SUBJECT,,468516
827,TASER (PROBE DISCHARGE),,,,,,,,,,,,,,,NONE,,470775
828,TASER (PROBE DISCHARGE),,,,,,,,,,,,,,,SUBJECT,,472679
829,TASER (PROBE DISCHARGE),,,,,,,,,,,,,,,SUBJECT,,476167
830,TASER (PROBE DISCHARGE),,,,,,,,,,,,,,,SUBJECT,,484383
831,TASER (PROBE DISCHARGE),,,,,,,,,,,,,,,SUBJECT,,484387
832,TASER (PROBE DISCHARGE),,,,,,,,,,,,,,,SUBJECT,,490255
833,TASER (PROBE DISCHARGE),,,,,,,,,,,,,,,SUBJECT,,491766
834,TASER (PROBE DISCHARGE),,,,,,,,,,,,,,,SUBJECT,,493134
835,TASER (PROBE DISCHARGE),,,,,,,,,,,,,,,SUBJECT,,494762
836,SEMI-AUTO PISTOL,,"SAUER, J. P. (SAUER & SOHN)",P220,,,4.0,False,,,,,,,,SUBJECT,,494815
837,TASER (PROBE DISCHARGE),,,,,,,,,,,,,,,SUBJECT,,495433
838,TASER (PROBE DISCHARGE),,,,,,,,,,,,,,,SUBJECT,,495639
839,TASER (PROBE DISCHARGE),,,,,,,,,,,,,,,SUBJECT,,500033
840,TASER (PROBE DISCHARGE),,,,,,,,,,,,,,,NONE,,503691
841,TASER (PROBE DISCHARGE),,,,,,,,,,,,,,,SUBJECT,,504920
842,TASER (PROBE DISCHARGE),,,,,,,,,,,,,,,SUBJECT,,506720
843,TASER (PROBE DISCHARGE),,,,,,,,,,,,,,,SUBJECT,,508670
844,TASER (PROBE DISCHARGE),,,,,,,,,,,,,,,SUBJECT,,508812
845,CHEMICAL WEAPON,,,,,,,,,,,,,,,SUBJECT,,511615
846,TASER (PROBE DISCHARGE),,,,,,,,,,,,,,,SUBJECT,,516004
847,TASER (PROBE DISCHARGE),,,,,,,,,,,,,,,SUBJECT,,516817
848,TASER (PROBE DISCHARGE),,,,,,,,,,,,,,,SUBJECT,,517688
849,TASER (PROBE DISCHARGE),,,,,,,,,,,,,,,SUBJECT,,520462
850,TASER (PROBE DISCHARGE),,,,,,,,,,,,,,,,,523752
851,TASER (PROBE DISCHARGE),,,,,,,,,,,,,,,SUBJECT,,525082
852,TASER (PROBE DISCHARGE),,,,,,,,,,,,,,,SUBJECT,,531327
853,TASER (PROBE DISCHARGE),,,,,,,,,,,,,,,NONE,,531523
854,TASER (PROBE DISCHARGE),,,,,,,,,,,,,,,SUBJECT,,534118
855,SEMI-AUTO PISTOL,,GLOCK GMBH,19,,,2.0,False,,,,,,,,UNKNOWN,,534977
856,SEMI-AUTO PISTOL,,GLOCK GMBH,19,,,3.0,False,,,,,,,,SUBJECT,,535457
857,CHEMICAL WEAPON,,,,,,,,,,,,,,,SUBJECT,,536576
858,TASER (PROBE DISCHARGE),,,,,,,,,,,,,,,SUBJECT,,537310
859,TASER (PROBE DISCHARGE),,,,,,,,,,,,,,,SUBJECT,,537636
860,TASER (PROBE DISCHARGE),,,,,,,,,,,,,,,SUBJECT,,539556
861,TASER (PROBE DISCHARGE),,,,,,,,,,,,,,,SUBJECT,,540813
862,TASER (PROBE DISCHARGE),,,,,,,,,,,,,,,SUBJECT,,541684
863,TASER (PROBE DISCHARGE),,,,,,,,,,,,,,,SUBJECT,,542389
864,TASER (PROBE DISCHARGE),,,,,,,,,,,,,,,SUBJECT,,544108
865,TASER (PROBE DISCHARGE),,,,,,,,,,,,,,,SUBJECT,,544866
866,SEMI-AUTO PISTOL,,"SPRINGFIELD ARMORY,GENESEO,IL",XDM,,,3.0,False,,,,,,,,SUBJECT,,547133
867,TASER (PROBE DISCHARGE),,,,,,,,,,,,,,,NONE,,549757
868,OTHER (SPECIFY),,,,,,,,,,,,,,,NONE,,549933
869,TASER (PROBE DISCHARGE),,,,,,,,,,,,,,,SUBJECT,,552827
870,TASER (PROBE DISCHARGE),,,,,,,,,,,,,,,SUBJECT,,553664
871,TASER (PROBE DISCHARGE),,,,,,,,,,,,,,,SUBJECT,,553802
872,OTHER (SPECIFY),,,,,,,False,,,,,,,,SUBJECT,,555904
873,RIFLE,,BUSHMASTER FIREARMS,XM15E2,,,1.0,False,,,,,,,,SUBJECT,,555904
874,OTHER (SPECIFY),,,,,,,False,,,,,,,,SUBJECT,,555911
875,RIFLE,,REMINGTON ARMS CO.,870,,,1.0,False,,,,,,,,SUBJECT,,555911
876,TASER (PROBE DISCHARGE),,,,,,,,,,,,,,,SUBJECT,,556989
877,TASER (PROBE DISCHARGE),,,,,,,,,,,,,,,SUBJECT,,557130
878,TASER (PROBE DISCHARGE),,,,,,,,,,,,,,,SUBJECT,,558328
879,TASER (PROBE DISCHARGE),,,,,,,,,,,,,,,SUBJECT,,559283
880,TASER (PROBE DISCHARGE),,,,,,,,,,,,,,,,,561086
881,CHEMICAL WEAPON,,,,,,,,,,,,,,,SUBJECT,,562735
882,TASER (PROBE DISCHARGE),,,,,,,,,,,,,,,SUBJECT,,563682
883,TASER (PROBE DISCHARGE),,,,,,,,,,,,,,,NONE,,564089
884,TASER (PROBE DISCHARGE),,,,,,,,,,,,,,,NONE,,564120
885,TASER (PROBE DISCHARGE),,,,,,,,,,,,,,,SUBJECT,,566805
886,TASER (PROBE DISCHARGE),,,,,,,,,,,,,,,SUBJECT,,566806
887,TASER (PROBE DISCHARGE),,,,,,,,,,,,,,,SUBJECT,,566808
888,TASER (PROBE DISCHARGE),,,,,,,,,,,,,,,SUBJECT,,566809
889,TASER (PROBE DISCHARGE),,,,,,,,,,,,,,,SUBJECT,,567525
890,TASER (PROBE DISCHARGE),,,,,,,,,,,,,,,SUBJECT,,567537
891,TASER (PROBE DISCHARGE),,,,,,,,,,,,,,,SUBJECT,,570281
892,SEMI-AUTO PISTOL,,GLOCK GMBH,17,,,8.0,False,,,,,,,,SUBJECT,,572692
893,SEMI-AUTO PISTOL,,GLOCK GMBH,17,,,2.0,False,,,,,,,,SUBJECT,,572743
894,CHEMICAL WEAPON,,,,,,,,,,,,,,,SUBJECT,,573591
895,TASER (PROBE DISCHARGE),,,,,,,,,,,,,,,SUBJECT,,576229
896,TASER (PROBE DISCHARGE),,,,,,,,,,,,,,,NONE,,577988
897,TASER (PROBE DISCHARGE),,,,,,,,,,,,,,,SUBJECT,,578076
898,TASER (PROBE DISCHARGE),,,,,,,,,,,,,,,SUBJECT,,578929
899,TASER (PROBE DISCHARGE),,,,,,,,,,,,,,,SUBJECT,,579039
900,TASER (PROBE DISCHARGE),,,,,,,,,,,,,,,SUBJECT,,579111
901,TASER (PROBE DISCHARGE),,,,,,,,,,,,,,,,,579694
902,TASER (PROBE DISCHARGE),,,,,,,,,,,,,,,SUBJECT,,581965
903,SEMI-AUTO PISTOL,,GLOCK GMBH,19,,,5.0,False,,,,,,,,SUBJECT,,583253
904,CHEMICAL WEAPON,,,,,,,,,,,,,,,SUBJECT,,583540
905,TASER (PROBE DISCHARGE),,,,,,,,,,,,,,,SUBJECT,,586349
906,TASER (PROBE DISCHARGE),,,,,,,,,,,,,,,SUBJECT,,589844
907,TASER (PROBE DISCHARGE),,,,,,,,,,,,,,,SUBJECT,,592517
908,TASER (PROBE DISCHARGE),,,,,,,,,,,,,,,SUBJECT,,594419
909,TASER (PROBE DISCHARGE),,,,,,,,,,,,,,,SUBJECT,,597295
910,TASER (PROBE DISCHARGE),,,,,,,,,,,,,,,NONE,,598638
911,TASER (PROBE DISCHARGE),,,,,,,,,,,,,,,SUBJECT,,599653
912,TASER (PROBE DISCHARGE),,,,,,,,,,,,,,,SUBJECT,,599671
913,TASER (PROBE DISCHARGE),,,,,,,,,,,,,,,SUBJECT,,599947
914,TASER (PROBE DISCHARGE),,,,,,,,,,,,,,,SUBJECT,,599956
915,TASER (PROBE DISCHARGE),,,,,,,,,,,,,,,SUBJECT,,600128
916,TASER (PROBE DISCHARGE),,,,,,,,,,,,,,,SUBJECT,,601331
917,TASER (PROBE DISCHARGE),,,,,,,,,,,,,,,SUBJECT,,602255
918,TASER (PROBE DISCHARGE),,,,,,,,,,,,,,,SUBJECT,,602285
919,TASER (PROBE DISCHARGE),,,,,,,,,,,,,,,SUBJECT,,603115
920,TASER (PROBE DISCHARGE),,,,,,,,,,,,,,,SUBJECT,,603251
921,CHEMICAL WEAPON,,,,,,,,,,,,,,,SUBJECT,,603809
922,TASER (PROBE DISCHARGE),,,,,,,,,,,,,,,SUBJECT,,604201
923,TASER (PROBE DISCHARGE),,,,,,,,,,,,,,,SUBJECT,,604909
924,TASER (PROBE DISCHARGE),,,,,,,,,,,,,,,SUBJECT,,611533
925,TASER (PROBE DISCHARGE),,,,,,,,,,,,,,,ANY OTHER COMBINATION,,612296
926,TASER (PROBE DISCHARGE),,,,,,,,,,,,,,,SUBJECT,,612310
927,TASER (PROBE DISCHARGE),,,,,,,,,,,,,,,SUBJECT,,612587
928,TASER (PROBE DISCHARGE),,,,,,,,,,,,,,,SUBJECT,,613485
929,TASER (PROBE DISCHARGE),,,,,,,,,,,,,,,NONE,,615744
930,TASER (PROBE DISCHARGE),,,,,,,,,,,,,,,SUBJECT,,616373
931,TASER (PROBE DISCHARGE),,,,,,,,,,,,,,,SUBJECT,,616381
932,TASER (PROBE DISCHARGE),,,,,,,,,,,,,,,SUBJECT,,616398
933,TASER (PROBE DISCHARGE),,,,,,,,,,,,,,,SUBJECT,,616935
934,TASER (PROBE DISCHARGE),,,,,,,,,,,,,,,SUBJECT,,617742
935,TASER (PROBE DISCHARGE),,,,,,,,,,,,,,,SUBJECT,,617743
936,SEMI-AUTO PISTOL,,GLOCK GMBH,19,,,11.0,False,,,,,,,,UNKNOWN,,627186
937,SEMI-AUTO PISTOL,,GLOCK GMBH,17,,,7.0,False,,,,,,,,UNKNOWN,,627195
938,TASER (PROBE DISCHARGE),,,,,,,,,,,,,,,SUBJECT,,629237
939,TASER (PROBE DISCHARGE),,,,,,,,,,,,,,,SUBJECT,,631719
940,TASER (PROBE DISCHARGE),,,,,,,,,,,,,,,SUBJECT,,631782
941,TASER (PROBE DISCHARGE),,,,,,,,,,,,,,,SUBJECT,,632272
942,TASER (PROBE DISCHARGE),,,,,,,,,,,,,,,OTHER PERSON,,633824
943,TASER (PROBE DISCHARGE),,,,,,,,,,,,,,,SUBJECT,,634538
944,TASER (PROBE DISCHARGE),,,,,,,,,,,,,,,SUBJECT,,635981
945,TASER (PROBE DISCHARGE),,,,,,,,,,,,,,,SUBJECT,,640158
946,TASER (PROBE DISCHARGE),,,,,,,,,,,,,,,NONE,,645828
947,TASER (PROBE DISCHARGE),,,,,,,,,,,,,,,SUBJECT,,646871
948,TASER (PROBE DISCHARGE),,,,,,,,,,,,,,,SUBJECT,,648629
949,TASER (PROBE DISCHARGE),,,,,,,,,,,,,,,SUBJECT,,650241
950,TASER (PROBE DISCHARGE),,,,,,,,,,,,,,,NONE,,650322
951,TASER (PROBE DISCHARGE),,,,,,,,,,,,,,,SUBJECT,,650627
952,TASER (PROBE DISCHARGE),,,,,,,,,,,,,,,SUBJECT,,655069
953,TASER (PROBE DISCHARGE),,,,,,,,,,,,,,,SUBJECT,,655783
954,CHEMICAL WEAPON,,,,,,,,,,,,,,,SUBJECT,,662144
955,TASER (PROBE DISCHARGE),,,,,,,,,,,,,,,SUBJECT,,669884
956,TASER (PROBE DISCHARGE),,,,,,,,,,,,,,,NONE,,671313
957,TASER (PROBE DISCHARGE),,,,,,,,,,,,,,,SUBJECT,,673402
958,TASER (PROBE DISCHARGE),,,,,,,,,,,,,,,SUBJECT,,681100
959,TASER (PROBE DISCHARGE),,,,,,,,,,,,,,,OBJECT,,681607
960,TASER (PROBE DISCHARGE),,,,,,,,,,,,,,,SUBJECT,,685633
961,TASER (PROBE DISCHARGE),,,,,,,,,,,,,,,NONE,,686371
962,CHEMICAL WEAPON,,,,,,,,,,,,,,,SUBJECT,,687532
963,SEMI-AUTO PISTOL,,GLOCK GMBH,17,,,1.0,False,,,,,,,,SUBJECT,,689245
964,TASER (PROBE DISCHARGE),,,,,,,,,,,,,,,SUBJECT,,690167
965,TASER (PROBE DISCHARGE),,,,,,,,,,,,,,,SUBJECT,,691004
966,TASER (PROBE DISCHARGE),,,,,,,,,,,,,,,SUBJECT,,691721
967,TASER (PROBE DISCHARGE),,,,,,,,,,,,,,,SUBJECT,,692181
968,TASER (PROBE DISCHARGE),,,,,,,,,,,,,,,SUBJECT,,694448
969,TASER (PROBE DISCHARGE),,,,,,,,,,,,,,,SUBJECT,,694498
970,TASER (PROBE DISCHARGE),,,,,,,,,,,,,,,SUBJECT,,703948
971,TASER (PROBE DISCHARGE),,,,,,,,,,,,,,,SUBJECT,,704685
972,SEMI-AUTO PISTOL,,GLOCK GMBH,17,,,1.0,False,,,,,,,,SUBJECT,,706383
973,TASER (PROBE DISCHARGE),,,,,,,,,,,,,,,SUBJECT,,706755
974,TASER (PROBE DISCHARGE),,,,,,,,,,,,,,,SUBJECT,,710757
975,RIFLE,,BUSHMASTER FIREARMS,XM15E2,,,5.0,False,,,,,,,,SUBJECT,,716202
976,RIFLE,,BUSHMASTER FIREARMS,XM15E2,,,5.0,False,,,,,,,,SUBJECT,,716386
977,SEMI-AUTO PISTOL,,SMITH & WESSON,M&P,,,4.0,False,,,,,,,,SUBJECT,,717871
978,TASER (PROBE DISCHARGE),,,,,,,,,,,,,,,SUBJECT,,723075
979,TASER (PROBE DISCHARGE),,,,,,,,,,,,,,,SUBJECT,,723102
980,TASER (PROBE DISCHARGE),,,,,,,,,,,,,,,NONE,,723116
981,TASER (PROBE DISCHARGE),,,,,,,,,,,,,,,SUBJECT,,729649
982,TASER (PROBE DISCHARGE),,,,,,,,,,,,,,,SUBJECT,,730339
983,TASER (PROBE DISCHARGE),,,,,,,,,,,,,,,SUBJECT,,740151
984,TASER (PROBE DISCHARGE),,,,,,,,,,,,,,,SUBJECT,,746497
985,TASER (PROBE DISCHARGE),,,,,,,,,,,,,,,SUBJECT,,747533
986,TASER (PROBE DISCHARGE),,,,,,,,,,,,,,,SUBJECT,,748669
987,REVOLVER,,SMITH & WESSON,686,,,1.0,False,,,,,,,,NONE,,748965
988,CHEMICAL WEAPON,,,,,,,,,,,,,,,SUBJECT,,757231
989,TASER (PROBE DISCHARGE),,,,,,,,,,,,,,,SUBJECT,,757308
990,CHEMICAL WEAPON,,,,,,,,,,,,,,,SUBJECT,,757313
991,TASER (PROBE DISCHARGE),,,,,,,,,,,,,,,SUBJECT,,757313
992,TASER (PROBE DISCHARGE),,,,,,,,,,,,,,,SUBJECT,,757354
993,TASER (PROBE DISCHARGE),,,,,,,,,,,,,,,SUBJECT,,757707
994,TASER (PROBE DISCHARGE),,,,,,,,,,,,,,,NONE,,763983
995,TASER (PROBE DISCHARGE),,,,,,,,,,,,,,,SUBJECT,,765730
996,SEMI-AUTO PISTOL,,GLOCK GMBH,17,,,1.0,False,,,,,,,,UNKNOWN,,772734
997,TASER (PROBE DISCHARGE),,,,,,,,,,,,,,,SUBJECT,,773290
998,TASER (PROBE DISCHARGE),,,,,,,,,,,,,,,SUBJECT,,778904
999,TASER (PROBE DISCHARGE),,,,,,,,,,,,,,,SUBJECT,,795609
1000,TASER (PROBE DISCHARGE),,,,,,,,,,,,,,,NONE,,796441
1001,TASER (PROBE DISCHARGE),,,,,,,,,,,,,,,SUBJECT,,797846
1002,TASER (PROBE DISCHARGE),,,,,,,,,,,,,,,SUBJECT,,798825
1003,TASER (PROBE DISCHARGE),,,,,,,,,,,,,,,SUBJECT,,800480
1004,TASER (PROBE DISCHARGE),,,,,,,,,,,,,,,SUBJECT,,816097
1005,TASER (PROBE DISCHARGE),,,,,,,,,,,,,,,SUBJECT,,819100
1006,TASER (DRIVE STUN MODE),,,,,,,,,,,,,,,SUBJECT,,819241
1007,TASER (PROBE DISCHARGE),,,,,,,,,,,,,,,SUBJECT,,821845
1008,TASER (PROBE DISCHARGE),,,,,,,,,,,,,,,SUBJECT,,828049
1009,CHEMICAL WEAPON,,,,,,,,,,,,,,,OTHER PERSON,,831580
1010,TASER (PROBE DISCHARGE),,,,,,,,,,,,,,,SUBJECT,,832983
1011,TASER (PROBE DISCHARGE),,,,,,,,,,,,,,,SUBJECT,,834914
1012,TASER (PROBE DISCHARGE),,,,,,,,,,,,,,,SUBJECT,,842081
1013,SEMI-AUTO PISTOL,,SMITH & WESSON,M&P,,,4.0,False,,,,,,,,OBJECT,,850483
1014,TASER (PROBE DISCHARGE),,,,,,,,,,,,,,,SUBJECT,,864031
1015,TASER (PROBE DISCHARGE),,,,,,,,,,,,,,,SUBJECT,,878307
1016,CHEMICAL WEAPON,,,,,,,,,,,,,,,,,894708
1017,CHEMICAL WEAPON,,,,,,,,,,,,,,,SUBJECT,,900386
1018,TASER (PROBE DISCHARGE),,,,,,,,,,,,,,,SUBJECT,,914816
1019,TASER (PROBE DISCHARGE),,,,,,,,,,,,,,,SUBJECT,,916398
1020,TASER (PROBE DISCHARGE),,,,,,,,,,,,,,,SUBJECT,,917779
1021,TASER (PROBE DISCHARGE),,,,,,,,,,,,,,,SUBJECT,,920662
1022,TASER (PROBE DISCHARGE),,,,,,,,,,,,,,,SUBJECT,,923412
1023,TASER (PROBE DISCHARGE),,,,,,,,,,,,,,,SUBJECT,,925335
1024,TASER (PROBE DISCHARGE),,,,,,,,,,,,,,,SUBJECT,,927486
1025,SEMI-AUTO PISTOL,,GLOCK GMBH,19,,,8.0,False,,,,,,,,UNKNOWN,,928121
1026,SEMI-AUTO PISTOL,,GLOCK GMBH,19,,,14.0,False,,,,,,,,SUBJECT,,928126
1027,SEMI-AUTO PISTOL,,GLOCK GMBH,19,,,8.0,False,,,,,,,,UNKNOWN,,928128
1028,SEMI-AUTO PISTOL,,GLOCK GMBH,17,,,14.0,False,,,,,,,,UNKNOWN,,928152
1029,TASER (PROBE DISCHARGE),,,,,,,,,,,,,,,SUBJECT,,931976
1030,TASER (PROBE DISCHARGE),,,,,,,,,,,,,,,SUBJECT,,936454
1031,CHEMICAL WEAPON,,,,,,,,,,,,,,,SUBJECT,,936620
1032,TASER (PROBE DISCHARGE),,,,,,,,,,,,,,,SUBJECT,,955830
1033,TASER (PROBE DISCHARGE),,,,,,,,,,,,,,,SUBJECT,,956570
1034,TASER (PROBE DISCHARGE),,,,,,,,,,,,,,,SUBJECT,,963916
1035,TASER (PROBE DISCHARGE),,,,,,,,,,,,,,,SUBJECT,,981202
1036,TASER (PROBE DISCHARGE),,,,,,,,,,,,,,,SUBJECT,,987223
1037,TASER (PROBE DISCHARGE),,,,,,,,,,,,,,,NONE,,987811
1038,TASER (PROBE DISCHARGE),,,,,,,,,,,,,,,,,989456
1039,SEMI-AUTO PISTOL,,GLOCK GMBH,26,,,1.0,False,,,,,,,,OBJECT,,997787
1040,TASER (PROBE DISCHARGE),,,,,,,,,,,,,,,SUBJECT,,1007651
1041,TASER (PROBE DISCHARGE),,,,,,,,,,,,,,,SUBJECT,,1020303
1042,TASER (PROBE DISCHARGE),,,,,,,,,,,,,,,SUBJECT,,1022698
1043,TASER (PROBE DISCHARGE),,,,,,,,,,,,,,,SUBJECT,,1023001
1044,TASER (PROBE DISCHARGE),,,,,,,,,,,,,,,NONE,,1028599
1045,TASER (PROBE DISCHARGE),,,,,,,,,,,,,,,SUBJECT,,1033326
1046,TASER (PROBE DISCHARGE),,,,,,,,,,,,,,,SUBJECT,,1040563
1047,TASER (PROBE DISCHARGE),,,,,,,,,,,,,,,SUBJECT,,1114872
1048,TASER (PROBE DISCHARGE),,,,,,,,,,,,,,,SUBJECT,,1124841
1049,TASER (PROBE DISCHARGE),,,,,,,,,,,,,,,SUBJECT,,1135709
1050,TASER (PROBE DISCHARGE),,,,,,,,,,,,,,,SUBJECT,,1157012
1051,TASER (PROBE DISCHARGE),,,,,,,,,,,,,,,SUBJECT,,1164320
1052,TASER (PROBE DISCHARGE),,,,,,,,,,,,,,,NONE,,1166361
1053,TASER (PROBE DISCHARGE),,,,,,,,,,,,,,,SUBJECT,,1194454
1054,TASER (PROBE DISCHARGE),,,,,,,,,,,,,,,SUBJECT,,1212009
1055,TASER (PROBE DISCHARGE),,,,,,,,,,,,,,,SUBJECT,,1226189
1056,TASER (PROBE DISCHARGE),,,,,,,,,,,,,,,SUBJECT,,1265648
1057,TASER (PROBE DISCHARGE),,,,,,,,,,,,,,,SUBJECT,,1266337
1058,CHEMICAL WEAPON,,,,,,,,,,,,,,,SUBJECT,,1366661
1059,TASER (PROBE DISCHARGE),,,,,,,,,,,,,,,SUBJECT,,1374720
1060,TASER (PROBE DISCHARGE),,,,,,,,,,,,,,,SUBJECT,,1389127
1061,TASER (PROBE DISCHARGE),,,,,,,,,,,,,,,SUBJECT,,1393930
1062,TASER (PROBE DISCHARGE),,,,,,,,,,,,,,,SUBJECT,,1395968
1063,TASER (PROBE DISCHARGE),,,,,,,,,,,,,,,SUBJECT,,1404205
1064,TASER (PROBE DISCHARGE),,,,,,,,,,,,,,,SUBJECT,,1441620
1065,TASER (PROBE DISCHARGE),,,,,,,,,,,,,,,SUBJECT,,1450272
1066,TASER (PROBE DISCHARGE),,,,,,,,,,,,,,,SUBJECT,,1455002
1067,SEMI-AUTO PISTOL,,GLOCK GMBH,19,,,11.0,True,,,,,,,,UNKNOWN,,1460357
1068,SEMI-AUTO PISTOL,,GLOCK GMBH,17,,,9.0,False,,,,,,,,SUBJECT,,1460383
1069,TASER (PROBE DISCHARGE),,,,,,,,,,,,,,,SUBJECT,,1460585
1070,TASER (PROBE DISCHARGE),,,,,,,,,,,,,,,SUBJECT,,1500596
1071,TASER (PROBE DISCHARGE),,,,,,,,,,,,,,,SUBJECT,,1503286
1072,CHEMICAL WEAPON,,,,,,,,,,,,,,,SUBJECT,,1527738
1073,TASER (PROBE DISCHARGE),,,,,,,,,,,,,,,NONE,,1541739
1074,TASER (PROBE DISCHARGE),,,,,,,,,,,,,,,SUBJECT,,1548543
1075,SEMI-AUTO PISTOL,,GLOCK GMBH,17,,,5.0,False,,,,,,,,SUBJECT,,1602368
1076,RIFLE,,BUSHMASTER FIREARMS,M4,,,2.0,False,,,,,,,,SUBJECT,,1602902
1077,TASER (PROBE DISCHARGE),,,,,,,,,,,,,,,SUBJECT,,1616844
1078,TASER (PROBE DISCHARGE),,,,,,,,,,,,,,,SUBJECT,,1619222
1079,TASER (PROBE DISCHARGE),,,,,,,,,,,,,,,SUBJECT,,1634743
1080,TASER (PROBE DISCHARGE),,,,,,,,,,,,,,,SUBJECT,,1635464
1081,TASER (PROBE DISCHARGE),,,,,,,,,,,,,,,SUBJECT,,1648314
1082,TASER (PROBE DISCHARGE),,,,,,,,,,,,,,,SUBJECT,,1649290
1083,SEMI-AUTO PISTOL,,"S.I.G. (SWISS INDUSTRIEL GESELLSHAFT),SIG-ARMS,SIG-SAUER",P320,,,6.0,False,,,,,,,,UNKNOWN,,1649858
1084,SEMI-AUTO PISTOL,,"S.I.G. (SWISS INDUSTRIEL GESELLSHAFT),SIG-ARMS,SIG-SAUER",P320,,,1.0,False,,,,,,,,UNKNOWN,,1650049
1085,TASER (PROBE DISCHARGE),,,,,,,,,,,,,,,SUBJECT,,1650155
1086,TASER (PROBE DISCHARGE),,,,,,,,,,,,,,,SUBJECT,,1667231
1087,TASER (PROBE DISCHARGE),,,,,,,,,,,,,,,SUBJECT,,1691003
1088,SEMI-AUTO PISTOL,,GLOCK GMBH,17,,,4.0,False,,,,,,,,SUBJECT,,1702550
1089,TASER (PROBE DISCHARGE),,,,,,,,,,,,,,,SUBJECT,,1850040
1090,CHEMICAL WEAPON,,,,,,,,,,,,,,,SUBJECT,,1851340
1091,TASER (PROBE DISCHARGE),,,,,,,,,,,,,,,NONE,,1861535
1092,TASER (PROBE DISCHARGE),,,,,,,,,,,,,,,SUBJECT,,1912971
1093,TASER (PROBE DISCHARGE),,,,,,,,,,,,,,,SUBJECT,,1919563
1094,TASER (PROBE DISCHARGE),,,,,,,,,,,,,,,SUBJECT,,1952959
1095,TASER (PROBE DISCHARGE),,,,,,,,,,,,,,,SUBJECT,,1953679
1096,TASER (PROBE DISCHARGE),,,,,,,,,,,,,,,SUBJECT,,1987436
1097,TASER (PROBE DISCHARGE),,,,,,,,,,,,,,,SUBJECT,,1997980
1098,TASER (PROBE DISCHARGE),,,,,,,,,,,,,,,SUBJECT,,2005526
1099,TASER (PROBE DISCHARGE),,,,,,,,,,,,,,,SUBJECT,,2008335
1100,TASER (PROBE DISCHARGE),,,,,,,,,,,,,,,SUBJECT,,2018468
1101,TASER (PROBE DISCHARGE),,,,,,,,,,,,,,,SUBJECT,,2059433
1102,TASER (PROBE DISCHARGE),,,,,,,,,,,,,,,OBJECT,,2061976
1103,CHEMICAL WEAPON,,,,,,,,,,,,,,,SUBJECT,,2062524
1104,TASER (PROBE DISCHARGE),,,,,,,,,,,,,,,SUBJECT,,2067766
1105,TASER (PROBE DISCHARGE),,,,,,,,,,,,,,,SUBJECT,,2087813
1106,TASER (PROBE DISCHARGE),,,,,,,,,,,,,,,SUBJECT,,2115708
1107,TASER (PROBE DISCHARGE),,,,,,,,,,,,,,,SUBJECT,,2149810
1108,TASER (PROBE DISCHARGE),,,,,,,,,,,,,,,SUBJECT,,2156216
1109,TASER (PROBE DISCHARGE),,,,,,,,,,,,,,,UNKNOWN,,2156696
1110,CHEMICAL WEAPON,,,,,,,,,,,,,,,SUBJECT,,2156733
1111,TASER (PROBE DISCHARGE),,,,,,,,,,,,,,,SUBJECT,,2164410
1112,CHEMICAL WEAPON,,,,,,,,,,,,,,,SUBJECT,,2221328
1113,TASER (PROBE DISCHARGE),,,,,,,,,,,,,,,SUBJECT,,2221461
1114,CHEMICAL WEAPON,,,,,,,,,,,,,,,SUBJECT,,2221744
1115,CHEMICAL WEAPON,,,,,,,,,,,,,,,SUBJECT,,2235539
1116,CHEMICAL WEAPON,,,,,,,,,,,,,,,SUBJECT,,2237017
1117,TASER (PROBE DISCHARGE),,,,,,,,,,,,,,,NONE,,2269711
1118,TASER (PROBE DISCHARGE),,,,,,,,,,,,,,,SUBJECT,,2278030
1119,TASER (PROBE DISCHARGE),,,,,,,,,,,,,,,NONE,,2291768
1120,SEMI-AUTO PISTOL,,GLOCK GMBH,17,,,7.0,False,,,,,,,,SUBJECT,,2307633
1121,TASER (PROBE DISCHARGE),,,,,,,,,,,,,,,SUBJECT,,2336045
1122,TASER (PROBE DISCHARGE),,,,,,,,,,,,,,,SUBJECT,,2336460
1123,TASER (PROBE DISCHARGE),,,,,,,,,,,,,,,SUBJECT,,2353501
1124,TASER (PROBE DISCHARGE),,,,,,,,,,,,,,,SUBJECT,,2432020
1125,TASER (PROBE DISCHARGE),,,,,,,,,,,,,,,SUBJECT,,2448297
1126,TASER (PROBE DISCHARGE),,,,,,,,,,,,,,,ANY OTHER COMBINATION,,2464365
1127,TASER (PROBE DISCHARGE),,,,,,,,,,,,,,,NONE,,2503537
1128,TASER (PROBE DISCHARGE),,,,,,,,,,,,,,,SUBJECT,,2543368
1129,TASER (PROBE DISCHARGE),,,,,,,,,,,,,,,OBJECT,,2545086
1130,TASER (PROBE DISCHARGE),,,,,,,,,,,,,,,SUBJECT,,2545256
1131,TASER (PROBE DISCHARGE),,,,,,,,,,,,,,,SUBJECT,,2577864
1132,TASER (PROBE DISCHARGE),,,,,,,,,,,,,,,UNKNOWN,,2630855
1133,TASER (PROBE DISCHARGE),,,,,,,,,,,,,,,SUBJECT,,2702176
1134,TASER (PROBE DISCHARGE),,,,,,,,,,,,,,,SUBJECT,,2729311
1135,TASER (PROBE DISCHARGE),,,,,,,,,,,,,,,SUBJECT,,2766227
1136,TASER (PROBE DISCHARGE),,,,,,,,,,,,,,,SUBJECT,,2772218
1137,TASER (PROBE DISCHARGE),,,,,,,,,,,,,,,SUBJECT,,2788432
1138,TASER (PROBE DISCHARGE),,,,,,,,,,,,,,,SUBJECT,,2806336
1139,SEMI-AUTO PISTOL,,GLOCK GMBH,19,,,8.0,False,,,,,,,,UNKNOWN,,2821123
1140,SEMI-AUTO PISTOL,,GLOCK GMBH,17,,,9.0,False,,,,,,,,UNKNOWN,,2821128
1141,TASER (PROBE DISCHARGE),,,,,,,,,,,,,,,SUBJECT,,2847865
1142,TASER (PROBE DISCHARGE),,,,,,,,,,,,,,,SUBJECT,,2881107
1143,TASER (PROBE DISCHARGE),,,,,,,,,,,,,,,SUBJECT,,3008995
1144,CHEMICAL WEAPON,,,,,,,,,,,,,,,SUBJECT,,3048090
1145,TASER (PROBE DISCHARGE),,,,,,,,,,,,,,,SUBJECT,,3066245
1146,TASER (PROBE DISCHARGE),,,,,,,,,,,,,,,SUBJECT,,3078829
1147,TASER (PROBE DISCHARGE),,,,,,,,,,,,,,,SUBJECT,,3083138
1148,TASER (PROBE DISCHARGE),,,,,,,,,,,,,,,SUBJECT,,3088170
1149,TASER (PROBE DISCHARGE),,,,,,,,,,,,,,,SUBJECT,,3121704
1150,TASER (PROBE DISCHARGE),,,,,,,,,,,,,,,SUBJECT,,3124514
1151,TASER (PROBE DISCHARGE),,,,,,,,,,,,,,,SUBJECT,,3128318
1152,TASER (PROBE DISCHARGE),,,,,,,,,,,,,,,OBJECT,,3165888
1153,TASER (PROBE DISCHARGE),,,,,,,,,,,,,,,SUBJECT,,3166671
1154,TASER (PROBE DISCHARGE),,,,,,,,,,,,,,,NONE,,3183505
1155,TASER (PROBE DISCHARGE),,,,,,,,,,,,,,,SUBJECT,,3235663
1156,TASER (PROBE DISCHARGE),,,,,,,,,,,,,,,SUBJECT,,3237508
1157,TASER (PROBE DISCHARGE),,,,,,,,,,,,,,,SUBJECT,,3255887
1158,CHEMICAL WEAPON,,,,,,,,,,,,,,,SUBJECT,,3256252
1159,TASER (PROBE DISCHARGE),,,,,,,,,,,,,,,SUBJECT,,3256468
1160,TASER (PROBE DISCHARGE),,,,,,,,,,,,,,,SUBJECT,,3282190
1161,TASER (PROBE DISCHARGE),,,,,,,,,,,,,,,SUBJECT,,3282251
1162,TASER (PROBE DISCHARGE),,,,,,,,,,,,,,,SUBJECT,,3306317
1163,TASER (PROBE DISCHARGE),,,,,,,,,,,,,,,SUBJECT,,3322876
1164,TASER (PROBE DISCHARGE),,,,,,,,,,,,,,,SUBJECT,,3325674
1165,TASER (PROBE DISCHARGE),,,,,,,,,,,,,,,SUBJECT,,3364627
1166,TASER (PROBE DISCHARGE),,,,,,,,,,,,,,,SUBJECT,,3393317
1167,SEMI-AUTO PISTOL,,GLOCK GMBH,17,,,1.0,False,,,,,,,,UNKNOWN,,3412460
1168,SEMI-AUTO PISTOL,,GLOCK GMBH,23,,,14.0,False,,,,,,,,UNKNOWN,,3412816
1169,SEMI-AUTO PISTOL,,"SAUER, J. P. (SAUER & SOHN)",P226,,,1.0,False,,,,,,,,SUBJECT,,3414859
1170,SEMI-AUTO PISTOL,,GLOCK GMBH,17,,,4.0,False,,,,,,,,UNKNOWN,,3415022
1171,RIFLE,,DSA INC.,M4,,,2.0,False,,,,,,,,UNKNOWN,,3415065
1172,SEMI-AUTO PISTOL,,GLOCK GMBH,19,,,1.0,False,,,,,,,,UNKNOWN,,3415102
1173,RIFLE,,SMITH & WESSON,M&P 15,,,5.0,False,,,,,,,,UNKNOWN,,3415118
1174,SEMI-AUTO PISTOL,,GLOCK GMBH,21,,,4.0,False,,,,,,,,SUBJECT,,3415481
1175,TASER (PROBE DISCHARGE),,,,,,,,,,,,,,,SUBJECT,,3418817
1176,TASER (PROBE DISCHARGE),,,,,,,,,,,,,,,SUBJECT,,3423466
1177,TASER (PROBE DISCHARGE),,,,,,,,,,,,,,,SUBJECT,,3425267
1178,CHEMICAL WEAPON,,,,,,,,,,,,,,,SUBJECT,,3479248
1179,TASER (PROBE DISCHARGE),,,,,,,,,,,,,,,SUBJECT,,3479248
1180,TASER (PROBE DISCHARGE),,,,,,,,,,,,,,,NONE,,3542577
1181,TASER (PROBE DISCHARGE),,,,,,,,,,,,,,,SUBJECT,,3543777
1182,TASER (PROBE DISCHARGE),,,,,,,,,,,,,,,SUBJECT,,3582039
1183,TASER (PROBE DISCHARGE),,,,,,,,,,,,,,,SUBJECT,,3592315
1184,CHEMICAL WEAPON,,,,,,,,,,,,,,,SUBJECT,,3625355
1185,CHEMICAL WEAPON,,,,,,,,,,,,,,,SUBJECT,,3625450
1186,TASER (PROBE DISCHARGE),,,,,,,,,,,,,,,SUBJECT,,3731275
1187,TASER (PROBE DISCHARGE),,,,,,,,,,,,,,,SUBJECT,,3757741
1188,TASER (PROBE DISCHARGE),,,,,,,,,,,,,,,SUBJECT,,3764388
1189,TASER (PROBE DISCHARGE),,,,,,,,,,,,,,,SUBJECT,,3779259
1190,TASER (PROBE DISCHARGE),,,,,,,,,,,,,,,SUBJECT,,3784980
1191,TASER (PROBE DISCHARGE),,,,,,,,,,,,,,,SUBJECT,,3786940
1192,TASER (PROBE DISCHARGE),,,,,,,,,,,,,,,SUBJECT,,3795583
1193,TASER (PROBE DISCHARGE),,,,,,,,,,,,,,,SUBJECT,,3796599
1194,TASER (PROBE DISCHARGE),,,,,,,,,,,,,,,SUBJECT,,3889410
1195,TASER (PROBE DISCHARGE),,,,,,,,,,,,,,,SUBJECT,,3905566
1196,TASER (PROBE DISCHARGE),,,,,,,,,,,,,,,SUBJECT,,3964275
1197,TASER (PROBE DISCHARGE),,,,,,,,,,,,,,,SUBJECT,,3981746
1198,TASER (PROBE DISCHARGE),,,,,,,,,,,,,,,SUBJECT,,3997489
1199,TASER (PROBE DISCHARGE),,,,,,,,,,,,,,,SUBJECT,,4188824
1200,TASER (PROBE DISCHARGE),,,,,,,,,,,,,,,NONE,,4194455
1201,TASER (PROBE DISCHARGE),,,,,,,,,,,,,,,SUBJECT,,4247478
1202,CHEMICAL WEAPON,,,,,,,,,,,,,,,SUBJECT,,4283774
1203,TASER (PROBE DISCHARGE),,,,,,,,,,,,,,,SUBJECT,,4283774
1204,TASER (PROBE DISCHARGE),,,,,,,,,,,,,,,UNKNOWN,,4305122
1205,TASER (PROBE DISCHARGE),,,,,,,,,,,,,,,SUBJECT,,4323491
1206,TASER (PROBE DISCHARGE),,,,,,,,,,,,,,,SUBJECT,,4342706
1207,TASER (PROBE DISCHARGE),,,,,,,,,,,,,,,SUBJECT,,4351935
1208,TASER (PROBE DISCHARGE),,,,,,,,,,,,,,,SUBJECT,,4402124
1209,TASER (PROBE DISCHARGE),,,,,,,,,,,,,,,SUBJECT,,4402133
1210,SEMI-AUTO PISTOL,,GLOCK GMBH,17,,,6.0,False,,,,,,,,SUBJECT,,4430478
1211,TASER (PROBE DISCHARGE),,,,,,,,,,,,,,,NONE,,4459431
1212,TASER (PROBE DISCHARGE),,,,,,,,,,,,,,,SUBJECT,,4518614
1213,TASER (PROBE DISCHARGE),,,,,,,,,,,,,,,SUBJECT,,4554173
1214,TASER (PROBE DISCHARGE),,,,,,,,,,,,,,,SUBJECT,,4555538
1215,TASER (PROBE DISCHARGE),,,,,,,,,,,,,,,SUBJECT,,4562617
1216,CHEMICAL WEAPON,,,,,,,,,,,,,,,NONE,,4635508
1217,CHEMICAL WEAPON,,,,,,,,,,,,,,,OBJECT,,4635737
1218,CHEMICAL WEAPON,,,,,,,,,,,,,,,NONE,,4635750
1219,CHEMICAL WEAPON,,,,,,,,,,,,,,,OBJECT,,4635815
1220,CHEMICAL WEAPON,,,,,,,,,,,,,,,OBJECT,,4635816
1221,CHEMICAL WEAPON,,,,,,,,,,,,,,,OBJECT,,4635817
1222,CHEMICAL WEAPON,,,,,,,,,,,,,,,NONE,,4635818
1223,CHEMICAL WEAPON,,,,,,,,,,,,,,,UNKNOWN,,4635836
1224,CHEMICAL WEAPON,,,,,,,,,,,,,,,OBJECT,,4635849
1225,TASER (PROBE DISCHARGE),,,,,,,,,,,,,,,SUBJECT,,4664330
1226,TASER (PROBE DISCHARGE),,,,,,,,,,,,,,,SUBJECT,,4686334
1227,SEMI-AUTO PISTOL,,GLOCK GMBH,19,,,1.0,False,,,,,,,,UNKNOWN,,4692677
1228,TASER (PROBE DISCHARGE),,,,,,,,,,,,,,,SUBJECT,,4720268
1229,TASER (PROBE DISCHARGE),,,,,,,,,,,,,,,SUBJECT,,4725920
1230,TASER (PROBE DISCHARGE),,,,,,,,,,,,,,,SUBJECT,,4741333
1231,SEMI-AUTO PISTOL,,"S.I.G. (SWISS INDUSTRIEL GESELLSHAFT),SIG-ARMS,SIG-SAUER",P226,,,2.0,False,,,,,,,,SUBJECT,,4798329
1232,TASER (PROBE DISCHARGE),,,,,,,,,,,,,,,SUBJECT,,4807900
1233,SEMI-AUTO PISTOL,,GLOCK GMBH,17,,,3.0,False,,,,,,,,SUBJECT,,4819918
1234,TASER (PROBE DISCHARGE),,,,,,,,,,,,,,,SUBJECT,,4820392
1235,TASER (PROBE DISCHARGE),,,,,,,,,,,,,,,SUBJECT,,4840454
1236,TASER (PROBE DISCHARGE),,,,,,,,,,,,,,,SUBJECT,,4887495
1237,TASER (PROBE DISCHARGE),,,,,,,,,,,,,,,NONE,,4888887
1238,TASER (PROBE DISCHARGE),,,,,,,,,,,,,,,SUBJECT,,4898406
1239,TASER (PROBE DISCHARGE),,,,,,,,,,,,,,,SUBJECT,,4964702
1240,TASER (PROBE DISCHARGE),,,,,,,,,,,,,,,NONE,,4966776
1241,TASER (PROBE DISCHARGE),,,,,,,,,,,,,,,SUBJECT,,5124692
1242,TASER (PROBE DISCHARGE),,,,,,,,,,,,,,,NONE,,5136949
1243,TASER (PROBE DISCHARGE),,,,,,,,,,,,,,,SUBJECT,,5184036
1244,TASER (PROBE DISCHARGE),,,,,,,,,,,,,,,SUBJECT,,5196438
1245,SEMI-AUTO PISTOL,,"SAUER, J. P. (SAUER & SOHN)",P228,,,3.0,False,,,,,,,,UNKNOWN,,5208466
1246,TASER (PROBE DISCHARGE),,,,,,,,,,,,,,,SUBJECT,,5238077
1247,CHEMICAL WEAPON,,,,,,,,,,,,,,,SUBJECT,,5258439
1248,TASER (PROBE DISCHARGE),,,,,,,,,,,,,,,SUBJECT,,5271859
1249,TASER (PROBE DISCHARGE),,,,,,,,,,,,,,,SUBJECT,,5277021
1250,TASER (PROBE DISCHARGE),,,,,,,,,,,,,,,SUBJECT,,5283418
1251,TASER (PROBE DISCHARGE),,,,,,,,,,,,,,,SUBJECT,,5402492
1252,CHEMICAL WEAPON,,,,,,,False,,,,,,,,SUBJECT,,5437745
1253,SEMI-AUTO PISTOL,,GLOCK GMBH,19,,,2.0,False,,,,,,,,SUBJECT,,5437745
1254,TASER (PROBE DISCHARGE),,,,,,,False,,,,,,,,SUBJECT,,5437745
1255,TASER (PROBE DISCHARGE),,,,,,,,,,,,,,,UNKNOWN,,5437763
1256,OTHER (SPECIFY),,,,,,,,,,,,,,,SUBJECT,,5446070
1257,SEMI-AUTO PISTOL,,GLOCK GMBH,19,,,13.0,True,,,,,,,,SUBJECT,,5453112
1258,TASER (PROBE DISCHARGE),,,,,,,,,,,,,,,SUBJECT,,5475790
1259,TASER (PROBE DISCHARGE),,,,,,,,,,,,,,,SUBJECT,,5476518
1260,SEMI-AUTO PISTOL,,GLOCK GMBH,26,,,1.0,False,,,,,,,,SUBJECT,,5525512
1261,TASER (PROBE DISCHARGE),,,,,,,,,,,,,,,SUBJECT,,5552004
1262,TASER (PROBE DISCHARGE),,,,,,,,,,,,,,,SUBJECT,,5574695
1263,TASER (PROBE DISCHARGE),,,,,,,,,,,,,,,SUBJECT,,5603387
1264,TASER (PROBE DISCHARGE),,,,,,,,,,,,,,,SUBJECT,,5624180
1265,TASER (PROBE DISCHARGE),,,,,,,,,,,,,,,SUBJECT,,5695819
1266,TASER (PROBE DISCHARGE),,,,,,,,,,,,,,,SUBJECT,,5696805
1267,TASER (PROBE DISCHARGE),,,,,,,,,,,,,,,SUBJECT,,5728796
1268,TASER (PROBE DISCHARGE),,,,,,,,,,,,,,,SUBJECT,,5735356
1269,TASER (PROBE DISCHARGE),,,,,,,,,,,,,,,SUBJECT,,5745189
1270,TASER (PROBE DISCHARGE),,,,,,,,,,,,,,,SUBJECT,,5765502
1271,TASER (PROBE DISCHARGE),,,,,,,,,,,,,,,OBJECT,,5799594
1272,TASER (PROBE DISCHARGE),,,,,,,,,,,,,,,NONE,,5803374
1273,TASER (PROBE DISCHARGE),,,,,,,,,,,,,,,SUBJECT,,5806591
1274,TASER (PROBE DISCHARGE),,,,,,,,,,,,,,,SUBJECT,,5811990
1275,TASER (PROBE DISCHARGE),,,,,,,,,,,,,,,SUBJECT,,5897444
1276,SEMI-AUTO PISTOL,,GLOCK GMBH,17,,,1.0,False,,,,,,,,NONE,,5899540
1277,TASER (PROBE DISCHARGE),,,,,,,,,,,,,,,SUBJECT,,5909505
1278,TASER (PROBE DISCHARGE),,,,,,,,,,,,,,,SUBJECT,,5909581
1279,TASER (PROBE DISCHARGE),,,,,,,,,,,,,,,SUBJECT,,5909717
1280,TASER (PROBE DISCHARGE),,,,,,,,,,,,,,,SUBJECT,,5920493
1281,TASER (PROBE DISCHARGE),,,,,,,,,,,,,,,SUBJECT,,5922363
1282,TASER (PROBE DISCHARGE),,,,,,,,,,,,,,,SUBJECT,,5922448
1283,TASER (PROBE DISCHARGE),,,,,,,,,,,,,,,SUBJECT,,5923624
1284,TASER (PROBE DISCHARGE),,,,,,,,,,,,,,,SUBJECT,,5923870
1285,OTHER (SPECIFY),,,,,,,False,,,,,,,,UNKNOWN,,5924119
1286,SHOTGUN,,REMINGTON ARMS CO.,870,,,1.0,False,,,,,,,,UNKNOWN,,5924119
1287,TASER (PROBE DISCHARGE),,,,,,,,,,,,,,,SUBJECT,,5933119
1288,CHEMICAL WEAPON,,,,,,,,,,,,,,,SUBJECT,,5946921
1289,TASER (PROBE DISCHARGE),,,,,,,,,,,,,,,SUBJECT,,5956706
1290,TASER (PROBE DISCHARGE),,,,,,,,,,,,,,,SUBJECT,,5956753
1291,TASER (PROBE DISCHARGE),,,,,,,,,,,,,,,SUBJECT,,5977367
1292,TASER (PROBE DISCHARGE),,,,,,,,,,,,,,,SUBJECT,,5993275
1293,TASER (PROBE DISCHARGE),,,,,,,,,,,,,,,NONE,,5996190
1294,CHEMICAL WEAPON,,,,,,,,,,,,,,,SUBJECT,,6035201
1295,TASER (PROBE DISCHARGE),,,,,,,,,,,,,,,SUBJECT,,6042720
1296,TASER (PROBE DISCHARGE),,,,,,,,,,,,,,,SUBJECT,,6043797
1297,TASER (PROBE DISCHARGE),,,,,,,,,,,,,,,SUBJECT,,6044038
1298,CHEMICAL WEAPON,,,,,,,,,,,,,,,SUBJECT,,6075304
1299,CHEMICAL WEAPON,,,,,,,,,,,,,,,SUBJECT,,6075976
1300,CHEMICAL WEAPON,,,,,,,,,,,,,,,SUBJECT,,6076795
1301,CHEMICAL WEAPON,,,,,,,,,,,,,,,SUBJECT,,6076801
1302,TASER (PROBE DISCHARGE),,,,,,,,,,,,,,,SUBJECT,,6077691
1303,TASER (PROBE DISCHARGE),,,,,,,,,,,,,,,SUBJECT,,6078326
1304,TASER (PROBE DISCHARGE),,,,,,,,,,,,,,,SUBJECT,,6081331
1305,TASER (PROBE DISCHARGE),,,,,,,,,,,,,,,SUBJECT,,6081987
1306,TASER (PROBE DISCHARGE),,,,,,,,,,,,,,,SUBJECT,,6082004
1307,TASER (PROBE DISCHARGE),,,,,,,,,,,,,,,SUBJECT,,6083546
